OBS#,AGE,CHK_ACCT,SAV_ACCT,NUM_CREDITS,DURATION,HISTORY,PRESENT_RESIDENT,EMPLOYMENT,JOB,NUM_DEPENDENTS,RENT,INSTALL_RATE,GUARANTOR,OTHER_INSTALL,OWN_RES,TELEPHONE,FOREIGN,REAL_ESTATE,TYPE,AMOUNT_REQUESTED,CREDIT_EXTENDED,PROFIT
1,67,0,4,2,6,4,4,4,2,1,0,4,0,0,1,1,0,1,4,1169,1052,243
2,25,1,0,1,12,2,1,1,2,1,1,3,0,0,0,0,0,0,1,1295,1165,-473
3,48,3,0,3,9,4,4,2,2,1,0,4,0,0,1,1,0,0,1,2134,1920,268
4,36,1,3,1,18,2,3,1,2,1,0,3,0,1,1,1,0,1,6,1913,1721,416
5,30,3,2,1,30,2,2,4,3,1,0,4,0,1,1,0,0,0,4,2333,1166,235
6,29,1,4,1,24,3,2,1,1,1,0,4,0,1,1,0,0,0,3,2333,1866,480
7,27,1,0,1,9,2,1,2,2,1,0,2,0,1,1,1,0,1,6,1391,695,118
8,30,3,0,1,36,2,2,2,2,1,0,1,0,1,1,0,0,0,2,8133,6506,1407
9,44,3,4,2,24,2,1,1,2,1,0,1,0,0,1,1,0,0,4,5943,5943,-1826
10,56,3,0,1,12,4,4,4,2,1,0,4,0,0,1,0,0,1,4,618,556,163
11,41,3,1,1,24,2,4,4,1,1,1,4,0,0,0,0,0,1,1,1469,1322,376
12,31,1,1,2,6,3,2,4,2,2,0,1,0,1,1,0,0,0,6,1449,1304,252
13,25,0,0,2,21,2,2,2,2,1,0,3,0,0,1,1,0,1,4,1835,917,-508
14,24,1,4,1,48,2,2,3,2,1,0,1,0,0,1,0,0,0,1,8487,5092,976
15,27,2,3,1,6,2,2,1,0,1,0,2,0,0,1,0,1,1,1,709,496,93
16,42,3,1,1,6,2,4,4,2,2,0,2,0,1,0,1,0,0,4,1346,1076,295
17,36,3,1,1,24,4,4,4,2,2,0,3,0,0,1,1,0,1,4,2872,2584,744
18,33,0,0,2,15,0,3,4,2,2,1,4,0,0,0,0,0,0,1,950,570,-188
19,28,3,0,2,36,3,1,1,2,1,0,1,0,0,1,0,0,0,6,9572,6700,-4386
20,54,3,3,3,24,2,3,2,3,1,0,2,0,0,1,1,0,0,6,4591,4131,-2912
21,52,3,2,2,9,4,2,4,2,1,0,4,0,0,1,1,0,0,5,936,842,198
22,33,3,4,2,9,4,2,2,2,2,0,1,0,0,1,0,0,1,4,3074,2151,262
23,26,1,0,1,12,2,1,1,1,1,0,4,1,1,1,0,0,1,4,625,375,90
24,26,2,0,1,36,2,2,2,2,1,0,4,0,0,1,0,0,0,4,4210,2526,-816
25,29,0,4,1,24,2,2,4,2,1,0,4,0,1,1,0,0,0,1,915,915,-337
26,39,0,3,2,6,4,4,3,1,1,0,3,0,0,1,1,0,1,1,666,466,67
27,27,0,0,1,12,2,2,2,2,1,0,2,0,0,1,0,0,1,3,1657,1491,429
28,32,3,4,1,18,2,3,3,2,1,0,4,0,0,1,0,1,0,1,2662,1863,485
29,23,3,3,2,15,4,4,4,2,1,1,3,0,0,0,1,0,0,2,3368,2694,414
30,26,3,0,1,12,2,2,2,2,1,0,2,0,0,1,1,1,1,6,1076,645,114
31,54,3,0,1,6,2,4,0,0,1,0,1,0,0,1,1,0,1,1,672,470,116
32,40,1,4,1,48,2,4,0,0,1,0,3,0,1,0,1,0,0,0,5381,5381,1768
33,28,1,0,2,30,4,2,0,3,1,0,4,0,0,1,0,0,0,1,4249,2549,-1157
34,75,0,0,2,24,4,4,0,3,1,0,2,0,0,0,1,0,0,2,6615,3307,379
35,24,1,0,2,24,4,4,1,2,1,0,2,0,0,0,1,0,0,5,5743,4020,674
36,23,3,0,1,9,2,4,1,2,1,1,1,0,0,0,1,0,1,0,1236,741,140
37,61,1,4,1,18,2,4,2,2,1,0,4,0,0,0,0,0,0,5,1239,867,194
38,36,3,4,1,36,2,4,2,2,1,0,4,0,0,1,0,0,1,1,3079,2771,811
39,39,0,4,1,20,2,4,3,2,1,0,4,0,0,1,1,0,0,3,2212,2212,611
40,30,3,0,1,18,2,2,2,3,1,0,2,0,0,1,1,0,0,1,1820,1820,542
41,39,3,0,1,18,2,4,1,2,1,0,3,0,0,1,1,0,1,4,1473,1473,430
42,20,1,0,1,24,2,4,4,2,1,0,4,0,0,1,1,0,0,4,1967,1376,301
43,20,3,3,1,15,2,3,3,2,1,1,2,0,0,0,0,0,0,1,3186,3186,862
44,74,3,0,1,5,2,4,3,1,1,0,1,0,0,1,0,0,1,6,3448,3103,824
45,39,3,0,1,12,2,4,4,3,1,0,4,0,0,1,1,0,0,1,1884,1507,415
46,30,3,4,1,36,4,2,2,3,1,0,4,0,0,1,1,0,0,2,11054,7737,1640
47,37,0,0,1,36,2,2,2,2,2,0,1,1,0,1,0,0,0,3,3620,1810,334
48,22,1,1,1,24,2,2,1,2,1,1,3,0,0,0,1,0,0,4,3092,1546,-790
49,23,1,0,1,12,4,1,2,1,1,0,1,0,0,1,0,0,1,4,3573,2501,590
50,26,3,0,2,12,4,2,4,2,1,0,2,0,0,1,0,0,0,4,1934,1547,282
51,27,0,0,1,24,2,1,1,2,1,0,4,0,0,1,0,0,0,1,3123,2498,-1330
52,26,0,0,1,12,2,2,3,2,1,0,4,0,0,1,0,0,1,1,759,531,-305
53,44,3,0,2,24,4,4,4,2,1,0,3,0,0,0,0,0,0,0,5507,4956,848
54,32,1,0,2,36,2,1,3,2,2,0,3,0,0,1,0,0,0,5,2273,1818,350
55,23,1,0,1,12,2,1,1,2,1,1,1,0,0,0,0,0,1,4,1534,920,-415
56,23,3,4,2,12,4,4,3,2,1,0,4,0,0,1,0,0,1,0,996,498,68
57,49,0,4,1,24,2,4,4,2,2,0,4,0,1,0,1,0,0,2,2964,2964,1012
58,23,0,0,1,24,2,4,1,1,1,1,4,0,0,0,1,0,1,3,3234,3234,-1151
59,30,1,0,2,18,4,3,4,2,1,0,3,1,1,1,0,0,1,1,1056,950,-388
60,58,0,0,4,12,4,3,3,1,1,0,4,0,0,1,1,0,1,4,385,308,19
61,45,1,0,1,7,2,1,1,2,1,0,1,1,0,1,0,0,1,4,2329,1397,277
62,22,0,1,1,12,2,3,0,2,1,0,4,0,0,1,0,0,0,0,741,518,-192
63,27,1,0,2,21,4,3,3,2,1,0,2,0,0,1,0,0,0,6,3652,2191,337
64,28,0,0,1,24,2,4,2,2,1,0,2,0,0,1,0,0,0,4,3660,2928,805
65,27,0,0,1,18,2,1,0,0,1,0,4,0,0,1,0,0,1,5,750,525,-403
66,50,0,0,1,48,2,1,3,3,1,0,4,0,0,0,1,0,0,5,7476,5980,1585
67,23,2,0,1,12,2,4,2,2,1,1,3,0,0,0,0,0,1,4,1297,648,137
68,27,3,1,2,24,4,3,2,1,1,0,3,0,0,1,1,0,0,6,4139,3311,551
69,56,3,0,1,6,2,2,1,2,1,0,1,0,0,1,0,0,0,5,1538,1230,364
70,25,0,0,2,15,4,3,2,2,1,0,2,0,0,1,0,0,0,3,975,585,88
71,29,3,2,1,12,2,4,2,1,1,1,4,0,0,0,0,0,0,3,1123,1010,-535
72,32,3,2,2,18,4,3,4,3,1,0,4,0,1,1,1,0,0,4,629,440,56
73,34,2,0,2,9,0,2,1,3,1,0,4,0,0,1,1,0,0,4,1337,1203,-479
74,33,1,0,1,24,3,2,1,2,1,0,1,0,0,1,0,0,0,4,6403,3841,696
75,32,0,1,1,24,1,3,3,2,1,0,2,0,1,1,0,0,0,1,2325,1627,356
76,49,0,0,1,6,2,1,4,2,1,0,2,0,1,1,1,0,0,3,428,342,99
77,59,3,4,1,15,4,4,4,2,1,0,1,0,0,1,1,0,0,1,5045,3027,507
78,26,0,4,1,24,2,4,4,2,1,1,2,0,0,0,0,0,1,2,2812,1406,198
79,25,1,0,2,39,4,2,3,2,1,0,2,1,0,1,0,0,1,4,4933,3946,-2365
80,39,1,0,1,21,2,4,4,2,2,0,2,0,0,1,0,0,0,6,1188,594,-446
81,54,3,0,2,24,4,4,4,2,2,0,4,0,0,0,0,0,0,5,1597,1597,401
82,26,1,0,1,8,2,2,1,2,1,0,3,0,0,1,1,0,1,6,907,816,248
83,27,3,0,2,12,2,2,2,2,1,0,3,0,0,1,1,0,1,1,1101,990,198
84,44,3,2,2,24,3,2,2,2,2,0,4,0,0,1,1,0,0,6,2375,1425,148
85,29,0,0,1,36,2,2,3,2,1,0,4,0,0,1,0,0,0,3,5179,4143,-2232
86,33,0,0,2,20,4,2,2,2,1,1,4,1,1,0,0,1,0,1,2235,1341,-603
87,27,3,3,2,24,4,2,2,2,1,0,4,0,0,1,0,0,1,2,5804,4643,956
88,40,3,2,2,36,3,4,3,2,1,0,2,0,0,1,1,0,0,3,7678,4606,682
89,38,3,0,1,24,2,3,3,3,1,0,3,0,0,1,1,0,0,2,7814,7032,2237
90,43,0,0,4,27,4,4,4,3,2,0,4,0,1,1,1,0,0,6,2442,1709,-10
91,43,0,0,1,16,4,4,4,2,1,1,2,1,1,0,1,0,0,1,2625,2625,-1254
92,34,3,0,2,36,3,4,2,2,1,0,4,0,0,1,0,0,1,4,4454,3117,397
93,28,3,0,2,18,4,2,2,2,1,0,4,0,0,1,0,0,0,3,1817,1453,207
94,24,0,0,1,24,2,1,1,1,1,0,4,0,0,1,0,1,0,3,1747,1572,457
95,45,3,4,1,12,2,3,1,3,2,0,2,0,0,1,1,0,0,1,3527,2468,522
96,40,1,0,3,18,4,3,0,0,2,0,3,0,0,1,1,0,0,6,3590,2872,343
97,30,3,0,2,6,4,2,4,2,1,1,2,0,0,0,0,0,1,4,1740,1218,168
98,22,1,1,1,15,2,2,2,2,1,0,4,1,0,1,0,0,1,0,1514,1211,296
99,49,1,0,1,30,4,2,3,2,1,0,2,0,0,1,0,0,0,3,8386,8386,-3751
100,37,3,4,2,12,4,1,1,1,2,0,2,0,0,1,0,0,0,5,3565,2852,553
101,22,1,0,1,48,2,2,2,2,1,0,2,0,0,1,0,0,1,4,5951,5355,-3080
102,24,0,0,1,48,2,4,1,2,1,1,3,0,0,0,0,0,0,6,4308,4308,-2807
103,44,0,2,1,6,2,3,2,2,2,1,2,0,0,0,0,0,1,4,2647,2647,770
104,27,0,0,1,24,2,2,2,2,1,0,2,0,1,1,0,0,0,3,4020,3618,879
105,26,1,2,1,12,2,1,2,2,1,0,3,0,0,1,1,0,0,4,1158,926,253
106,30,1,0,2,27,3,2,4,3,1,0,1,0,0,1,1,0,0,2,5965,5965,1508
107,50,1,4,2,15,4,4,4,2,1,0,4,1,0,1,1,0,1,4,1537,1383,291
108,46,3,4,2,7,4,2,4,1,1,1,4,0,0,0,1,0,0,4,730,511,85
109,47,3,2,1,15,2,3,4,2,1,0,4,0,1,1,1,0,0,4,1213,1091,261
110,54,0,0,1,12,4,3,4,2,1,0,4,0,0,1,0,0,1,2,1409,1268,318
111,24,1,0,1,36,2,4,3,2,1,1,4,0,0,0,0,0,0,4,2323,1393,296
112,23,2,0,1,15,2,4,1,2,1,1,4,0,0,0,1,0,0,5,392,352,91
113,41,3,0,2,24,4,2,4,3,1,1,4,0,0,0,1,0,0,2,3868,2707,372
114,29,0,0,1,36,3,3,2,2,1,0,4,0,1,1,1,0,0,5,6887,6198,-4715
115,30,1,0,1,36,2,1,1,3,1,0,4,0,0,1,1,0,0,4,4795,3356,805
116,38,3,0,1,10,2,4,2,2,1,0,1,0,0,1,1,1,0,4,1924,1539,381
117,30,3,0,2,18,4,1,1,2,1,0,4,0,0,1,0,0,0,1,1055,844,164
118,26,3,0,1,12,2,1,2,2,1,0,4,0,0,1,1,0,1,3,763,610,175
119,30,1,0,2,36,3,2,2,3,1,0,2,0,1,1,1,0,1,6,4455,4455,-2746
120,34,1,1,1,48,0,4,3,1,2,0,4,0,0,0,0,0,0,6,3844,3075,-2447
121,27,0,0,1,12,2,3,2,1,1,0,4,0,0,1,0,0,1,1,1168,934,251
122,45,3,4,1,36,2,4,4,1,1,0,2,0,0,1,1,0,1,4,3835,2301,458
123,23,0,4,1,12,2,4,2,2,1,1,4,0,1,0,1,0,0,5,1200,1080,299
124,51,3,2,1,9,2,4,4,1,1,0,2,0,0,0,0,0,0,1,2507,1504,262
125,51,3,0,1,6,2,2,3,2,2,0,3,0,0,1,0,0,0,4,1595,1595,534
126,46,2,0,1,12,2,2,2,1,1,0,1,0,0,1,0,0,0,3,2251,1575,349
127,55,0,0,1,24,2,4,4,2,1,0,4,0,0,1,0,0,0,4,1603,961,195
128,37,3,2,1,12,4,4,3,2,1,1,3,0,0,0,1,0,0,3,1402,1261,397
129,50,3,0,1,12,2,2,2,2,1,0,4,0,0,1,0,0,1,3,1574,1416,446
130,28,1,0,1,36,2,4,1,3,1,1,1,0,0,0,1,0,0,2,9398,6578,-2415
131,42,1,0,1,36,0,1,2,2,1,0,4,0,0,1,1,0,0,4,3804,2282,-1051
132,25,3,1,1,24,2,1,2,2,1,0,4,0,1,1,0,0,0,3,5511,3306,723
133,32,0,0,1,24,2,3,1,2,1,0,4,0,0,1,0,0,0,4,1938,1550,-696
134,30,3,1,2,18,4,2,2,2,1,0,4,0,0,1,0,0,1,5,1864,1491,-1183
135,26,0,0,1,21,2,4,3,1,1,1,1,0,0,0,0,0,0,3,3599,2159,426
136,29,1,0,1,9,2,2,2,2,1,0,1,0,0,1,0,1,0,3,959,479,-247
137,37,2,4,1,12,2,3,4,3,1,0,2,0,0,1,0,0,0,4,3399,2039,493
138,33,3,0,2,18,4,4,4,2,1,0,3,0,0,1,1,0,0,4,6070,4249,758
139,38,1,0,1,18,2,4,0,3,1,0,3,0,0,0,1,0,0,2,12976,6488,-3587
140,19,1,3,1,12,2,4,1,1,1,1,1,0,0,0,0,0,1,3,983,589,141
141,28,1,4,2,18,4,4,2,2,1,0,4,0,1,1,0,0,1,6,1887,1698,312
142,35,3,0,2,33,4,2,3,3,1,0,3,0,0,1,1,0,0,2,7253,5077,730
143,30,1,4,1,12,2,2,2,2,1,0,4,0,0,1,0,0,0,2,2028,1825,518
144,29,1,0,2,24,2,3,2,3,1,0,2,0,1,1,1,0,0,0,11328,7929,-4440
145,30,0,0,1,12,2,3,2,2,1,0,2,0,0,1,0,0,0,3,1620,972,200
146,29,3,0,1,6,2,1,2,2,1,0,3,0,0,1,0,0,1,4,518,466,135
147,36,0,0,1,15,2,3,1,2,1,0,2,0,0,1,0,0,1,1,1721,860,163
148,23,0,0,1,6,2,4,1,2,1,0,4,0,0,1,0,0,0,5,448,268,-220
149,26,1,0,1,24,2,1,1,2,1,0,4,0,0,1,0,0,0,1,1201,720,165
150,42,1,0,2,27,0,4,4,3,1,0,2,0,0,0,1,0,0,6,8318,7486,-5624
151,42,0,0,1,36,2,4,4,2,2,0,2,0,0,0,0,0,0,2,5493,4394,1032
152,32,3,0,1,36,2,2,2,3,1,0,2,0,0,0,1,0,0,2,4686,2343,378
153,24,0,0,1,18,2,2,2,2,1,0,2,0,0,1,0,0,1,4,3190,1914,-1031
154,28,1,1,2,15,2,4,2,2,1,1,2,0,0,0,1,0,0,1,2631,1315,-459
155,60,3,0,2,24,3,4,4,2,1,0,4,0,0,0,1,0,0,1,2032,1219,125
156,45,3,2,1,6,1,4,4,1,2,0,2,0,1,1,0,0,0,4,1750,1050,229
157,24,0,0,1,24,1,4,3,1,1,1,4,1,1,0,0,0,0,4,1546,1546,-813
158,38,3,0,1,30,4,2,3,2,1,0,3,0,0,1,0,0,0,4,5954,4167,835
159,49,1,0,2,12,4,3,1,1,2,0,1,0,1,1,0,0,1,1,3124,3124,616
160,42,1,4,2,24,3,4,2,2,1,1,4,0,0,0,1,0,0,1,1965,1572,307
161,30,1,0,1,9,2,1,2,2,1,0,4,0,0,1,0,0,0,3,918,734,-284
162,48,2,1,1,10,2,4,4,1,2,0,1,0,0,0,0,0,0,1,1240,744,-409
163,32,3,0,2,18,4,2,2,2,1,0,3,0,1,1,0,0,0,1,1530,1377,-653
164,44,0,0,1,18,1,3,2,2,1,0,4,0,1,1,0,0,0,3,1553,931,-366
165,38,1,0,2,15,2,4,4,1,1,0,4,0,0,1,0,0,0,0,1308,784,78
166,37,1,0,1,12,2,2,2,1,1,0,4,0,0,1,0,0,0,3,1922,1345,-494
167,23,0,4,1,12,2,2,2,2,1,0,4,0,0,1,0,0,0,1,900,900,-491
168,31,3,1,2,36,2,2,3,2,1,0,2,0,0,1,1,0,0,6,5742,5742,1198
169,37,3,4,1,12,2,4,2,2,1,0,4,0,0,0,1,0,0,4,2279,1595,426
170,25,1,1,1,15,2,2,2,1,1,0,3,0,0,1,0,0,1,0,2631,1841,457
171,46,0,0,2,48,4,4,4,2,1,0,4,0,0,0,1,0,0,2,6331,5697,-2024
172,35,0,0,1,6,1,4,4,2,1,0,4,0,0,0,0,0,0,5,1198,838,-590
173,24,1,3,1,6,1,2,1,2,2,1,4,0,1,0,0,0,0,5,433,389,-328
174,21,0,0,1,24,2,4,2,1,2,1,2,0,0,0,0,0,1,4,1987,1192,-693
175,23,1,0,1,10,1,4,2,1,1,0,4,0,1,1,0,0,1,4,1048,838,186
176,23,0,0,1,18,2,2,1,1,1,0,1,0,0,1,0,0,0,1,976,683,-300
177,24,0,0,2,18,4,4,2,2,1,1,4,0,0,0,0,0,1,3,2124,1486,-587
178,25,0,0,2,36,4,2,2,3,1,0,3,0,0,1,1,0,0,5,8065,4839,-3043
179,60,3,3,1,24,4,4,4,2,1,0,4,0,0,1,1,0,1,1,1940,1746,466
180,41,3,4,1,24,2,4,4,3,2,0,3,0,0,1,1,0,0,2,6313,6313,2196
181,48,1,0,2,18,4,4,4,1,1,1,3,1,1,0,1,0,1,4,1795,1615,282
182,28,1,0,1,6,2,3,3,1,1,0,3,1,1,1,0,0,1,4,484,338,71
183,24,2,0,1,12,2,1,2,2,1,0,3,0,0,1,0,0,0,4,3016,2412,567
184,23,0,0,1,18,2,3,1,2,1,1,4,0,0,0,1,0,0,1,1216,729,-266
185,28,3,0,2,21,3,2,2,1,1,0,3,0,1,1,0,0,1,2,2993,2095,359
186,43,3,4,2,24,4,4,3,2,1,0,3,0,0,1,1,0,0,2,4042,2425,301
187,28,3,0,1,18,3,2,2,2,1,0,4,0,0,1,1,0,0,6,2169,1952,-1355
188,46,2,0,2,6,4,4,4,2,2,0,1,0,0,1,0,1,1,1,1343,805,84
189,48,3,4,1,24,2,4,2,2,1,0,2,0,0,0,1,0,0,2,9277,5566,981
190,46,3,0,2,15,4,4,4,2,1,0,4,0,0,1,1,0,0,4,1829,1829,464
191,44,3,4,2,20,4,4,1,2,1,0,2,0,0,1,1,0,1,1,3485,2788,456
192,25,1,0,1,24,4,4,1,1,1,0,2,0,1,1,0,0,0,3,4736,4262,-1718
193,37,3,2,1,48,3,1,3,3,1,0,4,0,0,1,1,0,0,4,12749,12749,3442
194,22,1,0,1,9,2,2,1,2,1,0,4,0,0,1,1,0,0,4,1670,1503,-488
195,31,3,0,1,10,2,2,2,1,2,0,3,0,0,1,0,1,1,1,1546,1236,286
196,24,0,0,2,36,3,1,3,2,1,0,2,0,0,1,1,0,0,6,2145,1072,-673
197,47,1,0,2,21,3,4,2,2,1,0,1,0,0,1,0,0,0,1,2353,2117,405
198,43,3,0,1,24,2,4,2,1,2,0,1,0,0,1,0,0,0,1,7393,4435,767
199,33,3,0,1,48,2,2,0,3,1,1,3,0,1,0,1,0,0,6,4844,3390,-2152
200,34,3,1,1,15,1,4,4,1,2,0,4,0,1,1,0,0,0,4,1569,941,158
201,49,3,0,1,12,4,3,3,1,2,0,2,0,0,1,0,0,1,5,2096,1467,383
202,22,1,0,1,12,2,1,2,2,1,0,1,0,0,1,1,0,0,4,1567,1096,241
203,48,0,0,2,10,4,3,1,1,2,1,1,0,0,0,0,1,1,1,2241,1568,258
204,30,1,1,2,18,2,2,2,2,1,0,2,0,0,1,1,0,0,1,5866,2933,225
205,44,1,0,1,18,3,4,2,1,2,0,2,0,0,1,1,0,1,0,6204,4963,1229
206,25,3,0,1,12,2,2,2,2,1,0,3,0,0,1,0,0,0,4,1262,1009,275
207,61,1,0,1,36,0,4,4,3,1,0,4,0,0,0,1,0,0,6,1953,1562,-976
208,51,0,0,2,8,4,4,4,3,2,0,3,0,1,0,1,0,0,0,1164,698,87
209,24,3,1,1,18,2,4,2,1,1,1,3,0,0,0,0,0,0,6,1568,1254,363
210,33,3,4,1,12,4,3,4,1,2,0,4,0,1,1,0,0,0,4,797,717,-302
211,24,3,0,1,6,3,2,2,2,1,0,3,0,0,1,0,0,1,4,932,652,167
212,28,1,0,1,18,2,3,3,1,1,1,3,0,0,0,0,0,1,1,6260,3756,708
213,24,3,0,1,12,2,2,2,1,1,1,3,0,0,0,0,0,1,3,1768,1237,300
214,27,3,0,2,15,2,3,1,1,1,0,2,0,1,1,0,0,0,3,2708,1354,151
215,27,0,0,1,27,2,2,2,3,1,0,3,0,0,1,0,0,0,4,3416,3074,922
216,24,2,0,1,36,2,1,2,2,1,0,4,0,0,1,0,0,0,4,5848,4093,896
217,36,3,2,2,15,2,3,3,2,1,0,4,0,0,1,1,0,0,0,1262,757,72
218,34,1,0,1,24,3,2,0,3,1,0,3,0,0,1,1,0,0,3,2064,1651,-882
219,40,0,4,2,21,1,2,2,1,2,0,4,0,0,1,0,0,0,1,1647,1152,-610
220,36,1,0,1,27,2,2,2,2,2,0,4,0,0,1,1,0,0,6,3915,1957,-1448
221,26,3,0,2,27,3,4,3,2,1,0,3,0,0,1,0,0,0,6,5117,3581,647
222,50,0,0,2,27,0,4,0,2,1,0,2,0,1,1,1,0,0,6,5293,4763,-4064
223,30,3,0,2,12,2,2,2,2,1,0,4,0,1,1,0,0,1,4,707,565,90
224,35,3,1,1,12,2,1,3,2,1,0,3,0,0,1,0,0,0,4,2141,1712,445
225,24,0,0,2,48,0,4,4,2,2,0,3,0,0,0,0,0,0,2,4605,3684,-1645
226,24,1,0,1,30,2,2,2,2,1,0,4,1,1,1,0,0,0,1,2150,1720,-683
227,36,0,0,3,18,4,4,4,3,1,0,2,0,0,0,1,0,0,1,5302,4771,564
228,36,1,4,1,48,1,4,0,3,1,0,4,0,0,0,1,0,0,1,12169,7301,1522
229,49,2,4,1,18,1,4,3,1,1,0,4,0,1,1,0,0,0,4,1445,1011,235
230,44,0,0,2,24,4,4,4,3,2,0,2,0,0,0,1,0,0,2,6419,4493,763
231,37,2,4,2,24,4,2,3,1,2,0,4,0,1,1,0,0,1,1,1344,806,-348
232,26,2,0,1,24,2,4,1,2,1,0,2,0,0,1,0,0,0,3,3749,2624,612
233,34,0,0,1,24,2,1,3,3,1,0,2,0,0,0,1,0,0,2,2910,1455,306
234,24,1,1,1,60,2,2,1,3,1,0,4,0,0,1,0,0,0,1,7408,5926,-3545
235,25,1,2,1,18,2,3,1,2,1,1,1,0,0,0,0,0,1,4,3213,1927,434
236,38,3,4,1,18,4,4,0,3,1,0,2,0,0,1,1,0,0,2,3229,3229,1119
237,36,2,0,2,12,3,2,2,2,1,0,2,0,1,1,1,0,0,1,2247,1797,338
238,23,3,0,2,10,4,3,1,2,1,1,1,0,0,0,0,0,1,3,2146,1716,320
239,25,3,4,1,22,2,4,3,2,1,1,4,0,0,0,0,0,0,1,1283,898,215
240,39,0,0,1,36,2,4,3,3,2,0,2,0,1,0,1,0,0,1,3249,2599,564
241,27,3,0,2,24,3,2,1,2,1,0,2,0,1,1,1,0,0,6,8648,6918,-4433
242,42,3,0,2,12,4,2,0,3,1,0,4,0,1,1,1,0,0,6,2292,2292,-1437
243,47,1,0,2,12,4,3,3,1,2,0,2,0,0,1,0,0,1,1,958,670,105
244,36,0,0,3,6,4,4,0,3,1,0,4,0,0,0,1,0,0,3,1872,1497,155
245,29,1,0,2,20,3,3,2,2,1,0,2,0,1,1,1,0,0,0,2629,1577,258
246,34,3,0,2,12,0,4,4,2,1,0,2,0,0,1,0,0,0,3,2759,2207,421
247,34,1,0,1,12,2,1,1,3,1,1,3,0,0,0,0,0,1,3,3017,2715,656
248,28,0,0,1,9,2,3,2,1,1,0,4,0,0,1,0,0,0,1,654,457,-188
249,57,0,3,2,30,2,4,4,2,1,1,4,0,0,0,1,0,0,3,3622,2173,302
250,27,3,1,2,6,4,1,2,2,1,0,1,0,0,1,0,0,0,4,1237,1113,195
251,49,2,1,1,9,2,4,4,2,1,0,2,0,0,1,0,0,1,4,1126,563,92
252,26,2,0,1,15,2,4,3,2,1,1,2,0,0,0,1,0,0,6,2687,2687,791
253,53,0,0,2,48,0,4,2,2,2,0,3,0,0,0,0,0,0,3,7119,5695,-2010
254,41,3,0,1,12,3,4,2,2,1,1,4,0,0,0,0,0,1,2,1503,1503,427
255,31,0,4,1,30,2,4,4,2,1,0,4,0,0,1,0,0,0,3,6350,3810,-1837
256,34,0,0,2,48,2,1,3,2,1,0,1,1,0,1,1,0,1,4,6999,4899,-1881
257,29,2,0,1,6,3,1,1,2,1,0,2,0,1,1,0,0,0,4,683,341,49
258,26,3,4,1,24,2,4,0,3,1,1,2,0,0,0,1,0,0,2,5433,4889,1312
259,26,3,0,1,9,2,2,2,2,1,1,4,0,0,0,0,0,1,3,1388,1249,366
260,36,3,3,1,21,2,4,4,1,1,0,4,0,1,1,0,0,1,6,1572,1100,265
261,34,1,0,1,24,1,4,3,1,1,0,4,0,1,0,0,0,0,5,1837,1102,-822
262,29,0,3,1,21,2,2,1,2,1,0,4,0,1,1,0,0,0,4,3357,2685,766
263,38,3,4,1,48,2,2,2,2,1,0,4,0,1,1,0,0,1,6,3914,2348,-1440
264,23,1,4,1,15,2,1,1,2,1,0,4,0,0,1,0,0,0,4,1444,1010,194
265,40,3,1,1,15,2,2,2,3,1,0,3,0,0,1,1,0,0,5,4623,2773,-2096
266,45,0,0,1,24,2,1,4,2,1,0,4,0,0,1,0,0,1,1,2303,2072,-968
267,50,3,0,2,21,2,2,4,2,1,0,4,0,0,1,0,0,1,3,2241,1792,343
268,42,3,0,1,60,2,4,4,3,1,0,2,0,0,1,1,0,0,1,10366,7256,1522
269,33,3,0,2,15,3,3,2,2,1,0,4,0,1,1,0,0,1,4,1478,1330,255
270,29,1,1,1,24,2,1,1,2,1,0,2,0,0,1,0,0,0,4,2896,2027,390
271,47,2,1,1,24,2,2,4,2,1,0,4,0,0,0,1,0,0,4,1377,688,143
272,46,3,4,1,21,2,4,4,3,1,0,4,0,0,1,1,0,1,2,2476,1733,453
273,24,0,0,1,12,2,2,2,1,1,0,4,0,0,1,0,0,1,1,1228,736,-376
274,44,1,0,1,8,2,2,3,1,1,0,4,1,0,1,0,0,1,4,760,608,135
275,41,3,4,1,21,2,3,4,2,1,0,4,0,0,1,1,0,0,4,3160,2212,429
276,23,1,1,1,12,2,4,3,1,1,1,2,0,0,0,0,0,1,6,841,841,249
277,24,0,0,1,12,2,3,2,1,1,0,4,0,0,1,0,0,0,4,2214,1328,266
278,36,3,0,1,21,4,4,4,3,1,0,1,0,0,1,1,0,0,2,3275,3275,880
279,31,1,0,1,12,0,2,2,1,1,0,2,0,0,1,1,0,1,0,1410,846,161
280,27,3,4,2,6,4,2,2,2,1,0,1,0,0,1,0,0,0,3,1221,854,148
281,24,0,0,2,20,4,4,4,2,1,0,1,0,0,1,0,0,0,3,4272,4272,1000
282,24,0,0,2,36,4,4,3,2,1,0,4,0,0,1,1,0,0,2,9629,5777,-1853
283,41,0,0,1,36,2,2,4,2,2,0,2,0,1,1,0,0,0,3,2712,1627,-603
284,29,0,0,2,45,0,4,4,2,1,1,2,0,0,0,0,0,0,6,11816,7089,-4581
285,23,3,0,1,18,2,4,1,2,1,0,4,0,0,1,0,0,1,0,1943,1360,-792
286,35,3,0,2,15,4,4,2,2,1,0,4,0,0,0,1,0,0,4,1471,882,85
287,35,0,0,1,24,2,4,1,2,1,0,4,0,0,1,1,0,1,4,2439,2195,-1208
288,26,0,1,2,24,4,1,3,2,1,0,4,0,0,1,1,0,1,6,1382,967,141
289,36,1,4,2,30,4,4,4,2,1,0,4,0,0,1,0,0,1,1,2181,1962,319
290,38,0,0,2,12,4,4,2,1,1,0,4,0,1,1,0,1,0,1,2171,1519,261
291,42,3,4,2,36,4,4,4,2,1,0,2,0,0,0,0,0,0,2,10477,5238,604
292,25,1,4,1,30,2,4,4,2,1,0,2,0,0,1,0,0,0,4,2991,2691,802
293,22,0,0,1,9,2,4,1,2,1,1,3,0,0,0,0,0,0,4,1366,1092,-502
294,30,3,0,2,9,4,1,2,2,1,0,3,0,0,1,0,0,1,1,1224,1101,221
295,31,3,4,1,24,2,2,3,2,1,0,4,0,1,1,1,0,0,3,929,557,123
296,28,1,2,1,24,2,4,1,2,1,1,3,0,0,0,0,0,0,2,4113,2879,-1160
297,29,3,4,1,15,2,2,2,2,1,0,3,0,0,1,0,0,0,1,3556,2844,632
298,29,0,0,2,24,1,4,0,0,1,1,1,0,0,0,0,0,0,1,1193,954,-424
299,28,2,1,1,21,2,1,2,3,1,0,1,0,1,1,1,0,0,1,2923,1753,357
300,23,0,4,2,18,2,4,3,1,1,1,2,0,0,0,0,0,0,4,1936,1936,504
301,45,0,0,1,42,2,4,3,2,2,0,2,1,0,0,0,0,0,3,7882,4729,792
302,60,0,0,2,24,4,4,4,1,1,0,4,0,0,1,0,0,0,1,1199,959,-289
303,44,1,1,1,12,4,4,1,2,1,0,3,0,0,1,0,0,0,2,1804,1623,407
304,57,3,4,1,12,4,4,4,1,1,1,4,0,0,0,0,0,0,6,1264,1137,275
305,24,0,1,2,30,4,4,3,2,1,1,1,0,0,0,0,0,0,2,6187,4949,997
306,31,3,4,1,18,2,1,2,2,1,0,2,0,0,1,1,0,0,2,3378,2026,389
307,25,1,0,1,48,0,2,2,2,1,0,2,0,0,1,1,0,0,6,14421,10094,-7360
308,41,1,0,2,42,4,1,3,1,1,0,2,0,1,1,0,0,1,6,5954,4763,1000
309,58,0,0,1,24,2,4,4,1,1,0,4,1,0,1,1,0,1,0,1755,1053,211
310,20,2,4,2,24,4,4,4,2,1,1,4,0,0,0,0,0,0,3,3617,2170,265
311,35,1,0,1,9,4,3,3,2,1,1,4,0,0,0,1,0,0,3,1919,1535,328
312,25,3,0,2,36,4,2,2,2,1,0,4,0,1,1,1,0,1,1,7855,4713,-1659
313,63,2,0,2,10,4,4,4,2,1,0,4,0,0,0,1,0,0,1,781,390,31
314,47,3,0,2,18,2,4,2,2,1,0,4,0,1,0,0,0,0,3,1984,1785,405
315,22,0,0,1,18,2,2,2,2,1,0,2,0,0,1,0,0,0,3,2462,1231,-464
316,29,1,3,1,24,4,4,4,2,1,1,2,0,0,0,0,0,0,2,7758,4654,900
317,70,1,0,1,10,2,4,0,3,1,0,2,0,1,0,1,0,0,1,7308,6577,2059
318,33,1,0,1,8,2,2,2,2,1,0,4,1,0,1,0,1,1,4,1414,848,194
319,50,3,3,1,24,4,4,2,2,1,0,4,0,0,1,1,0,1,3,3777,2266,492
320,29,3,0,1,6,2,2,3,2,1,1,2,0,0,0,0,0,1,4,2108,1897,606
321,21,0,0,1,12,2,4,3,2,1,1,4,0,0,0,0,0,0,0,902,902,-273
322,66,2,0,1,30,3,4,4,3,1,0,4,0,0,1,1,0,1,6,1908,1526,-1279
323,32,3,4,2,24,3,4,2,2,2,0,4,0,0,1,1,0,1,6,2978,2978,797
324,25,1,0,1,18,2,2,2,1,1,0,4,1,0,1,0,0,1,4,866,779,199
325,27,3,0,2,12,4,2,2,2,1,0,3,0,0,1,0,0,1,6,1185,592,73
326,35,3,1,2,24,3,3,2,2,1,0,2,0,0,1,0,0,0,3,4151,2490,413
327,57,3,0,3,12,4,4,4,1,1,0,2,0,1,0,0,0,0,5,2748,1648,115
328,28,1,0,2,48,2,4,3,2,1,0,4,0,0,1,0,0,1,4,3060,1836,-836
329,63,3,4,1,15,4,4,4,2,1,0,4,0,0,1,0,0,0,3,1520,1064,225
330,56,2,0,1,42,4,4,4,2,1,0,4,0,0,0,0,0,0,2,4796,3357,764
331,49,0,0,2,10,4,3,3,2,1,0,4,0,0,1,1,0,0,1,1038,830,126
332,25,1,0,1,12,2,3,3,1,1,0,2,0,1,1,0,0,0,1,685,685,-256
333,28,0,3,1,18,2,2,2,2,1,0,4,0,0,1,0,0,0,3,2659,1329,238
334,24,3,1,2,48,4,4,2,1,1,1,2,0,1,0,0,0,0,2,11590,11590,-4476
335,33,1,0,1,18,2,1,4,3,1,0,1,0,1,1,1,0,1,6,4439,3551,950
336,28,0,0,2,12,0,2,2,2,1,1,4,0,0,0,1,0,0,4,6199,3719,-1466
337,21,3,0,1,6,2,2,2,2,1,1,1,0,0,0,0,0,0,3,1766,1766,567
338,63,3,4,1,60,4,4,4,3,1,0,2,0,1,0,1,0,0,1,13756,8253,1802
339,26,2,0,1,12,2,1,1,2,1,0,4,0,0,1,0,0,1,1,1330,798,181
340,31,0,0,1,6,4,4,3,2,1,0,1,0,0,1,0,0,0,4,1957,1369,292
341,27,3,0,2,14,3,2,2,1,1,0,4,0,0,1,0,0,0,1,802,802,165
342,40,3,2,1,10,2,2,2,1,2,1,3,0,0,0,0,1,0,1,1597,1277,343
343,34,3,1,2,21,3,3,3,3,1,0,4,0,0,1,0,0,1,3,1591,1431,249
344,33,3,0,2,24,4,2,2,2,1,0,4,0,0,1,1,0,1,0,2058,1646,253
345,41,3,0,1,12,2,4,4,1,2,0,4,0,1,1,0,0,0,5,719,431,-280
346,35,3,0,1,24,2,4,4,3,1,0,4,0,0,1,1,0,0,2,2670,1869,424
347,38,1,4,2,12,2,4,4,2,1,0,4,0,0,1,0,0,0,0,754,452,75
348,36,3,4,1,6,2,4,0,3,2,0,4,0,0,1,1,0,0,0,1238,742,137
349,30,3,3,2,15,3,2,3,2,1,0,3,0,0,1,0,0,0,3,960,960,195
350,38,1,4,1,6,2,4,4,2,1,0,4,0,0,1,0,0,0,4,368,257,63
351,38,1,1,2,24,4,4,1,2,2,0,4,0,1,1,0,0,0,4,1216,972,-481
352,20,1,0,2,12,3,4,2,2,1,1,4,0,0,0,0,0,1,4,585,526,91
353,23,3,1,1,24,2,4,3,2,1,0,3,0,0,1,0,0,0,2,3488,1744,359
354,26,3,1,1,24,2,3,3,2,1,0,4,0,0,1,1,0,0,4,1311,1048,306
355,34,2,0,1,18,2,1,2,1,2,0,2,0,0,1,0,0,1,3,2864,1718,-559
356,27,1,1,1,12,4,1,1,2,1,0,4,0,0,1,0,0,0,1,1995,1795,579
357,37,1,4,1,36,2,4,2,2,1,0,1,0,0,0,1,0,0,1,12389,8672,-3366
358,22,0,0,1,15,2,4,2,1,1,0,4,0,0,1,0,0,0,6,806,725,226
359,33,1,0,1,36,2,1,1,1,1,1,4,0,0,0,0,0,0,0,2384,1907,-594
360,20,1,0,1,24,2,4,2,1,1,1,3,0,0,0,1,0,0,1,2718,1630,-831
361,28,3,0,1,36,2,2,2,3,1,0,4,0,0,1,1,0,0,3,3349,2344,-1215
362,22,0,0,1,24,1,4,2,2,1,1,1,1,1,0,0,1,0,2,3632,2179,392
363,22,0,0,1,12,2,1,1,2,1,1,4,0,0,0,0,0,0,3,1858,1486,409
364,19,3,0,2,9,2,2,1,2,1,1,2,0,0,0,0,0,0,3,1980,1188,-398
365,33,3,0,2,24,4,2,3,2,1,0,4,1,0,1,1,0,0,4,1851,1665,365
366,42,1,1,4,36,3,4,4,3,1,0,2,0,0,1,1,0,0,1,8086,4043,-1774
367,35,1,0,2,6,3,1,0,3,1,0,4,0,1,1,1,0,0,3,1050,735,88
368,24,3,2,1,6,4,2,2,2,1,0,1,0,0,1,0,0,0,1,2080,1872,568
369,47,3,0,3,24,4,3,1,2,1,0,3,0,0,0,1,0,0,4,5103,4592,439
370,44,0,4,2,6,4,3,1,1,2,0,1,0,0,1,0,0,1,1,4716,4244,747
371,41,1,1,2,30,3,2,4,2,1,0,4,0,1,1,0,0,0,6,2503,2002,313
372,25,0,0,2,9,4,4,2,1,1,0,4,0,0,1,0,0,1,4,1138,682,103
373,66,1,2,1,9,2,3,2,1,1,0,4,0,0,1,0,0,1,4,790,553,143
374,28,3,3,1,24,2,4,2,2,1,1,2,0,0,0,1,0,0,2,2603,1822,365
375,22,0,2,1,24,1,4,2,2,1,0,4,0,1,1,1,0,1,3,2483,2234,565
376,25,3,0,2,30,4,2,3,2,1,0,4,0,0,1,0,0,0,4,5771,5193,1122
377,30,3,4,1,21,4,4,4,3,1,0,4,0,0,0,1,0,0,1,12680,6340,-2703
378,52,3,1,2,24,4,4,4,2,1,0,4,0,1,1,0,0,0,4,2223,1333,188
379,23,1,1,1,12,2,2,1,1,1,0,4,0,1,1,0,0,0,1,836,501,-192
380,51,2,0,1,24,2,4,4,2,1,0,3,0,0,0,0,0,0,3,2892,2313,589
381,35,3,4,2,12,4,4,4,2,1,0,4,0,0,1,0,0,0,4,976,488,52
382,54,0,0,1,48,2,4,2,2,1,0,3,0,0,1,0,0,0,0,3051,1830,-555
383,47,0,0,2,8,4,4,4,1,1,0,4,0,0,1,0,0,1,1,731,438,42
384,42,1,4,1,24,2,4,4,2,1,0,2,0,0,1,1,0,0,4,5084,3558,936
385,50,3,0,1,24,1,4,3,2,1,0,4,0,1,1,1,0,0,6,1559,1091,237
386,32,0,0,2,18,1,4,3,1,2,0,4,0,0,0,0,0,0,1,1442,1009,-573
387,32,3,3,2,27,4,2,1,1,2,0,4,0,1,1,1,0,1,3,4526,4073,784
388,24,3,4,1,15,2,1,1,2,1,0,4,0,0,1,0,0,1,0,874,611,125
389,65,3,0,2,18,4,4,0,0,1,0,4,0,0,1,0,0,0,4,1098,658,90
390,34,1,0,2,36,4,4,2,2,1,0,3,0,0,1,1,0,0,2,5800,4640,651
391,40,3,4,1,15,2,2,2,2,1,1,4,0,0,0,1,0,1,4,1386,693,150
392,28,3,3,1,11,2,2,4,2,1,0,1,0,0,1,1,0,1,6,2142,1499,344
393,30,1,0,1,12,2,4,3,2,2,1,3,0,0,0,1,0,0,1,2002,1801,465
394,42,3,2,2,12,4,4,4,2,2,0,4,0,0,1,1,0,0,4,522,261,36
395,42,3,0,3,4,4,1,3,1,2,0,2,0,0,1,0,0,1,1,1455,1455,176
396,26,3,0,2,36,2,2,0,3,1,0,4,0,0,1,1,0,0,3,10974,6584,-2944
397,35,3,2,2,24,2,2,4,2,1,0,3,0,1,1,1,0,0,4,2397,1677,-538
398,36,0,0,1,60,2,4,4,2,1,1,4,0,0,0,0,0,0,6,7297,3648,-2507
399,26,0,0,1,36,2,2,2,2,2,0,2,0,0,1,0,0,0,2,8229,6583,-2272
400,30,0,0,1,36,2,3,0,3,1,0,4,0,0,1,1,0,0,3,3959,3167,916
401,53,0,0,2,24,3,4,2,2,2,0,3,0,0,0,0,0,0,1,4870,2922,-1742
402,28,0,0,1,15,2,4,2,2,1,1,2,0,0,0,0,0,0,1,1403,1122,257
403,26,3,4,2,10,4,1,2,2,1,0,2,0,0,1,0,1,0,3,2069,1862,428
404,33,2,0,1,12,2,1,1,3,1,0,4,0,1,1,1,0,0,3,1474,1474,454
405,58,0,0,2,48,4,4,4,1,1,0,4,0,1,0,0,0,0,2,6143,3685,-1770
406,57,1,0,2,36,3,4,4,2,1,0,4,0,1,0,1,0,0,1,2225,1780,-747
407,26,3,0,1,24,2,4,1,2,1,0,4,0,0,1,1,0,0,4,3181,2544,598
408,40,0,4,1,36,2,4,4,3,1,0,4,0,0,1,1,0,0,5,1977,1383,-961
409,52,0,0,1,10,2,4,4,1,1,0,3,0,0,1,0,0,1,4,2315,2083,648
410,54,1,3,1,12,2,4,4,2,1,0,4,0,0,1,1,0,1,1,1318,1186,348
411,26,3,4,1,12,2,4,1,2,1,1,2,0,0,0,1,0,0,2,2445,2445,654
412,35,0,2,1,12,2,1,4,2,1,0,3,0,0,1,0,0,1,4,1680,1344,349
413,27,1,4,1,18,2,3,1,2,1,1,4,0,0,0,0,0,1,3,1924,1924,-843
414,21,3,1,1,60,2,4,3,2,1,0,2,0,0,1,1,0,1,4,10144,8115,2159
415,23,3,0,1,21,4,4,1,2,1,0,4,0,0,1,1,0,0,3,2288,1830,389
416,36,1,1,1,24,3,4,3,3,1,1,4,0,0,0,1,0,0,6,6967,4876,989
417,36,3,2,1,36,2,4,4,2,1,0,4,0,0,1,0,0,0,1,909,727,192
418,26,0,0,2,21,3,1,1,2,1,0,2,0,0,1,0,0,0,5,3414,2048,-1278
419,36,1,0,1,18,4,4,4,2,2,0,4,0,1,1,1,0,0,1,884,442,-134
420,21,1,1,1,45,2,4,2,2,1,1,4,1,0,0,0,0,0,4,3031,2424,-997
421,38,3,0,2,12,4,1,4,1,2,0,4,0,0,1,0,0,1,1,1495,1196,181
422,51,3,4,1,36,4,2,4,2,1,0,4,0,0,1,1,0,0,4,3342,2673,725
423,30,3,0,1,15,2,2,2,2,1,0,3,0,0,1,1,0,0,2,4657,4191,1287
424,42,3,0,3,4,4,1,3,1,2,0,2,0,0,1,0,0,1,4,1544,1235,94
425,35,3,2,1,12,1,3,2,1,2,0,4,0,0,1,0,0,1,0,3447,2412,509
426,24,1,4,1,9,2,1,3,2,1,0,2,0,0,1,1,0,0,3,2030,1827,499
427,32,3,0,2,10,4,4,4,1,2,0,3,0,0,1,0,1,1,1,1231,984,151
428,34,0,0,1,30,2,1,1,1,1,0,1,0,0,1,1,0,0,0,11998,10798,-4141
429,37,1,1,1,24,4,2,1,2,1,0,4,0,0,1,1,0,0,1,3878,2326,563
430,46,3,4,2,48,4,2,4,3,2,0,4,0,1,1,0,0,0,6,7629,6103,863
431,44,3,2,1,48,4,2,2,2,1,0,2,0,1,0,0,0,0,1,10127,6076,-2454
432,29,2,4,1,4,2,2,1,1,2,0,1,0,0,1,0,1,1,1,1494,1344,411
433,36,3,0,2,18,4,3,2,2,1,0,4,0,0,1,0,0,1,1,1028,925,153
434,23,0,0,2,24,0,4,4,2,2,1,3,0,1,0,0,0,0,3,4110,3699,-2183
435,37,2,0,1,10,2,1,1,1,2,0,1,1,0,1,0,0,0,1,3949,3159,925
436,46,3,2,1,10,2,4,4,2,1,0,4,0,0,0,1,0,0,5,727,508,136
437,25,0,0,1,18,2,1,0,0,1,0,4,0,0,1,0,0,0,3,2473,1978,-1048
438,60,1,1,2,60,1,4,4,3,1,0,3,0,1,0,1,0,0,0,14782,7391,-2656
439,26,3,1,2,30,3,2,2,1,1,0,2,0,0,1,0,0,0,6,4272,2563,249
440,31,3,0,1,9,4,3,0,3,1,0,2,0,0,1,0,0,0,3,2406,1924,437
441,43,1,4,1,18,3,4,4,2,2,0,4,0,0,1,0,0,0,1,2899,2609,826
442,35,0,4,1,24,2,2,2,2,1,0,4,0,0,1,0,0,0,1,1381,1242,-443
443,25,1,4,1,12,2,2,4,2,1,0,1,0,1,1,1,0,0,3,2762,1657,-638
444,25,0,0,1,9,2,2,2,2,1,0,3,0,0,1,0,0,1,3,2136,1708,481
445,30,1,0,1,48,4,3,2,3,1,0,2,0,0,1,1,0,0,3,5096,4076,-1739
446,31,0,0,1,24,2,3,3,2,1,0,2,0,0,1,1,0,0,1,4817,2890,-1679
447,34,3,0,2,18,2,1,3,2,1,0,4,0,1,1,1,0,0,6,1950,1170,160
448,33,1,0,1,18,4,2,2,2,1,0,4,0,0,1,0,0,0,4,1245,996,-453
449,44,3,2,1,12,4,4,2,2,1,0,4,0,0,1,1,0,1,1,1163,814,193
450,39,0,0,2,12,4,2,2,1,2,1,3,0,0,0,0,1,1,1,2122,1061,133
451,24,0,0,1,24,2,4,1,2,1,1,4,0,0,0,0,0,0,1,1207,844,-375
452,54,3,4,1,24,2,1,1,2,1,0,4,0,0,1,0,0,0,1,2255,1804,423
453,26,1,0,1,18,2,4,2,1,2,0,4,1,0,1,0,0,1,4,1113,1113,371
454,25,3,4,2,24,2,2,1,2,1,0,4,0,0,1,0,0,0,4,3105,3105,708
455,61,3,0,2,12,4,4,4,1,1,0,4,0,0,1,0,0,1,1,1255,627,87
456,67,1,0,2,9,2,4,3,3,1,0,4,0,0,1,1,0,0,5,1199,1079,215
457,37,1,4,2,24,3,2,2,3,1,0,4,0,1,1,1,0,0,6,4712,3298,437
458,27,1,0,2,9,2,4,4,1,1,0,4,0,0,1,0,0,0,4,1082,973,215
459,52,3,4,1,12,2,4,4,3,1,0,4,0,0,0,1,0,0,1,2133,1919,600
460,40,0,4,1,24,1,3,4,3,1,0,4,0,1,1,1,0,0,0,1358,950,-376
461,23,2,0,1,10,2,2,1,2,1,0,4,0,0,1,0,0,0,3,1275,765,156
462,22,3,0,1,18,3,1,3,2,1,0,4,0,0,1,0,0,1,3,1808,1265,-751
463,65,0,0,2,18,2,4,2,2,1,0,4,0,0,0,0,0,0,4,2600,1560,-557
464,25,1,0,1,24,2,4,1,1,1,0,3,0,0,1,1,0,0,1,1355,948,-325
465,32,0,0,2,18,4,1,3,3,1,0,4,0,0,1,1,0,0,4,1880,1316,219
466,35,3,0,2,24,4,3,3,2,1,0,4,0,0,1,1,0,0,2,2346,1407,222
467,50,2,0,1,6,4,4,2,1,1,0,2,0,0,1,0,0,0,5,1047,523,73
468,41,3,2,1,21,3,2,1,1,2,0,4,0,1,1,0,0,1,6,2580,1290,-805
469,31,1,1,2,36,3,3,3,1,2,0,1,0,0,1,1,0,0,6,9857,6899,1312
470,28,3,0,1,24,2,2,3,2,1,0,4,0,0,1,1,0,0,4,2284,1827,525
471,32,1,0,1,27,2,1,1,2,2,0,4,0,0,1,1,0,0,6,2528,1769,424
472,27,1,0,1,60,2,2,3,3,1,0,4,0,0,1,1,0,0,1,14027,7013,-2463
473,21,3,0,1,27,2,3,2,2,1,1,3,0,0,0,0,0,1,1,2570,1799,-1039
474,37,3,0,1,4,4,1,3,2,2,0,1,0,0,1,0,0,1,1,3380,2704,589
475,30,0,4,2,39,4,4,3,3,1,0,4,0,0,1,1,0,0,3,14179,7089,662
476,55,3,3,2,12,3,4,4,2,2,0,4,0,0,0,0,0,0,0,1555,933,-545
477,27,3,1,2,24,4,3,3,2,1,0,4,0,0,1,1,0,0,1,2463,2463,658
478,66,2,2,3,12,4,4,0,0,1,0,2,0,1,0,0,0,0,1,1480,1036,62
479,60,1,4,1,20,2,4,0,3,1,0,1,0,0,1,1,0,1,2,6468,6468,2006
480,32,3,2,1,24,2,3,4,2,1,1,4,0,0,0,1,0,0,3,3062,1531,317
481,24,1,4,1,12,2,2,0,0,1,1,1,0,0,0,0,0,1,1,7472,5230,1339
482,46,0,0,1,48,2,4,3,2,2,0,4,0,0,0,0,0,0,1,3931,3537,-1985
483,35,3,0,2,18,4,2,1,3,1,0,3,0,0,1,1,0,0,3,3780,1890,231
484,25,2,0,1,15,2,3,1,1,1,0,2,0,0,1,0,0,1,4,2327,2327,-772
485,47,3,0,3,18,2,4,4,2,2,0,4,0,1,1,1,0,0,3,3422,3079,322
486,45,3,0,2,36,3,2,4,2,2,0,2,0,0,1,1,0,0,1,10875,7612,1341
487,25,3,0,1,10,2,2,2,1,1,1,2,0,1,0,0,0,1,3,2210,1989,-948
488,29,0,0,1,12,2,2,2,1,2,0,2,0,0,1,0,0,0,3,3590,3231,881
489,43,1,0,1,24,2,3,3,2,1,0,3,0,0,1,1,0,0,3,4057,2839,-918
490,29,3,4,2,18,4,3,2,2,1,0,4,0,0,1,1,0,0,4,1169,701,70
491,36,3,0,1,24,2,1,4,3,1,0,4,0,0,1,1,0,1,4,1278,1022,247
492,31,0,0,1,24,1,2,2,2,1,1,4,0,0,0,1,0,0,6,3161,3161,-2801
493,55,0,0,1,24,1,1,1,2,1,0,2,0,1,1,1,0,0,3,6872,6184,-2721
494,23,0,0,1,12,2,1,2,2,1,0,4,0,1,1,0,0,0,4,1498,1498,439
495,46,0,0,1,15,2,1,1,2,1,1,4,1,0,0,0,0,0,3,1845,1660,426
496,29,0,0,1,12,2,4,2,2,1,0,4,1,0,1,1,0,0,1,1893,1514,363
497,22,1,0,1,6,2,1,1,1,1,0,3,0,0,1,0,0,0,0,454,363,81
498,33,3,0,1,30,4,2,2,2,1,0,4,0,0,1,1,0,0,4,2831,2264,535
499,30,3,0,2,24,4,2,3,1,1,0,2,0,0,1,0,0,0,3,2028,1419,217
500,50,3,4,1,12,2,3,4,2,1,0,4,0,0,1,1,0,0,1,2390,2151,652
501,35,3,4,1,36,2,4,2,1,2,0,2,0,0,0,1,0,0,5,9055,5433,1032
502,32,0,1,1,24,2,2,2,1,1,0,4,0,0,1,0,0,0,4,1282,769,-352
503,36,0,0,1,6,2,2,2,1,1,0,1,0,1,1,1,0,1,3,1374,961,251
504,25,1,0,2,45,4,2,1,1,1,0,4,0,0,1,0,0,0,4,4746,3322,-1100
505,35,3,0,2,11,4,4,1,3,1,0,4,0,0,1,0,0,0,1,1393,835,93
506,26,3,4,1,6,1,2,2,1,2,0,1,1,1,1,0,0,1,1,783,626,163
507,48,3,4,4,27,2,4,4,2,2,0,4,0,0,1,1,0,0,0,5190,5190,424
508,66,0,0,2,12,4,4,4,3,1,0,4,0,0,0,0,0,0,2,1526,1526,318
509,29,3,0,2,12,4,2,2,3,1,0,4,1,0,1,1,0,1,6,1412,988,181
510,58,1,0,1,54,0,4,1,2,1,1,3,0,0,0,1,0,0,6,15945,7972,-6114
511,39,1,0,2,24,4,3,2,3,2,0,2,0,0,1,1,0,0,0,11938,8356,-3313
512,47,3,4,1,48,4,1,4,2,1,0,4,0,0,1,1,0,1,4,3578,2862,720
513,30,0,0,2,12,4,2,2,2,1,0,4,0,0,1,0,0,0,1,2121,1908,349
514,38,3,4,2,12,4,2,4,2,1,0,4,0,0,1,1,0,1,4,1240,868,130
515,30,1,1,1,48,1,2,3,2,1,0,4,0,0,1,0,0,0,6,3566,2139,481
516,20,0,0,1,12,2,4,2,2,1,1,2,0,0,0,0,0,0,3,1282,769,-302
517,32,3,2,1,6,2,2,2,2,1,0,1,0,0,1,1,0,0,3,2978,2978,996
518,53,3,4,1,30,1,1,0,3,1,0,4,0,1,1,1,0,1,2,7485,5988,-2232
519,31,3,0,2,15,4,2,2,2,1,0,4,0,0,1,0,0,0,4,1360,1088,217
520,34,1,0,2,9,4,3,4,3,1,0,2,0,0,1,1,0,0,5,1501,1200,-764
521,38,0,0,3,30,4,4,4,3,2,0,3,0,0,0,1,0,0,2,10623,6373,373
522,39,1,4,2,6,4,3,3,1,1,0,1,0,0,1,0,0,0,0,932,652,78
523,27,3,0,2,36,0,2,2,2,1,0,4,0,0,1,0,0,0,0,2613,2613,673
524,30,0,0,1,24,2,2,0,3,2,0,4,0,1,1,0,0,0,4,1823,1093,-648
525,25,3,0,1,24,2,1,3,2,1,0,4,0,0,1,1,0,1,6,1258,754,178
526,27,1,4,1,60,3,1,2,1,1,0,1,0,0,1,0,0,1,4,7418,5192,1304
527,37,1,0,1,15,2,3,4,2,2,0,4,0,0,1,0,0,0,4,802,561,-263
528,32,3,0,1,9,2,2,2,2,2,0,1,0,0,1,0,0,1,4,2697,1887,390
529,35,0,0,1,47,2,1,1,1,1,0,1,0,0,1,1,0,1,1,10722,9649,2569
530,26,1,0,1,48,2,2,1,2,1,0,1,0,0,1,1,0,0,3,9960,7968,-2393
531,33,3,3,1,6,2,2,2,2,1,0,4,0,0,1,0,0,1,3,1543,1234,341
532,31,0,0,1,36,1,4,4,2,1,0,4,0,1,1,0,0,0,3,2746,2196,-989
533,39,0,0,2,8,4,4,3,1,1,0,1,0,0,1,0,1,1,1,3398,3398,819
534,44,0,0,1,6,4,4,2,3,1,1,1,0,0,0,1,0,1,3,3384,3384,-1846
535,43,3,0,1,15,4,2,2,1,1,0,4,0,0,1,0,0,0,4,1459,1021,258
536,23,1,0,1,24,2,2,1,1,1,0,4,0,1,1,0,0,1,1,1246,1121,-569
537,36,3,0,1,12,2,4,3,2,1,0,2,0,0,1,1,0,0,6,1542,925,163
538,37,0,0,1,48,1,4,3,2,1,1,2,1,0,0,0,0,0,6,7685,4611,-3379
539,25,3,0,2,18,4,1,2,2,1,0,2,0,0,1,0,0,0,4,2238,1342,149
540,32,1,1,1,39,3,3,3,2,1,1,2,0,0,0,1,0,0,5,11760,7056,1248
541,22,1,0,1,24,2,1,1,2,1,0,1,0,0,1,1,0,0,4,2039,1631,-926
542,35,3,0,2,36,4,2,4,2,2,0,2,0,0,1,1,0,0,2,5842,4089,666
543,21,1,0,1,18,2,3,2,2,1,1,1,0,0,0,1,0,0,2,2779,1667,394
544,25,1,4,1,12,2,1,2,2,1,0,2,0,0,1,1,0,1,4,1484,890,-456
545,41,3,4,2,9,4,4,4,1,1,1,4,0,0,0,0,0,0,5,1244,995,138
546,29,3,0,1,24,2,1,1,3,1,0,4,0,0,1,1,0,0,2,2679,1339,281
547,63,0,0,1,24,2,4,2,2,2,0,3,1,1,1,1,0,0,2,2924,2046,488
548,26,0,0,1,18,0,4,1,2,1,1,1,0,0,0,0,0,0,3,3114,2802,-1133
549,47,1,0,1,6,3,4,0,3,1,0,4,0,0,1,1,0,0,1,1209,967,-475
550,20,0,4,1,24,2,4,2,2,1,0,2,0,0,1,0,0,0,3,2996,2696,-1242
551,27,3,4,1,10,2,4,2,1,1,0,4,1,0,1,0,0,0,1,1309,785,-396
552,37,0,0,2,6,4,3,3,2,1,0,4,0,0,1,0,1,0,1,609,609,119
553,30,1,0,2,26,2,3,1,2,1,0,2,0,0,1,0,0,0,2,7966,4779,456
554,33,2,0,1,21,4,1,1,2,1,1,2,0,0,0,0,0,0,5,2319,1159,-874
555,43,0,0,2,24,3,2,0,2,2,0,4,0,0,0,0,0,1,1,1333,799,-474
556,22,1,0,1,12,2,1,1,2,1,0,2,0,1,1,0,0,0,4,1331,798,-277
557,23,1,1,2,24,3,2,3,2,1,1,3,0,0,0,1,0,0,4,1553,1242,193
558,24,3,0,2,15,4,3,3,2,1,0,2,0,1,1,0,0,0,3,2788,2230,401
559,20,0,0,1,18,2,4,2,2,1,1,1,0,1,0,0,0,1,3,2039,1223,-517
560,32,1,1,1,6,1,1,1,1,1,0,1,0,1,1,0,0,0,1,931,744,-441
561,22,0,2,1,24,1,4,2,2,1,0,4,0,1,1,1,0,1,3,2828,1696,334
562,48,1,4,1,48,0,2,2,3,1,0,2,0,1,1,1,0,0,6,12204,12204,3488
563,35,3,4,1,15,2,2,4,2,1,0,4,0,0,1,0,0,0,4,1979,1781,445
564,47,3,0,3,12,2,4,4,2,2,0,4,0,1,1,1,0,0,5,1393,1393,210
565,27,3,4,2,36,3,4,1,2,1,1,4,0,0,0,1,0,0,6,7980,5586,-3503
566,22,0,0,1,14,2,4,0,2,1,0,1,0,0,0,0,0,0,1,3973,2781,536
567,27,3,0,2,24,4,2,0,3,1,0,4,0,1,1,1,0,0,0,6314,5682,1096
568,26,3,0,1,30,4,4,3,3,1,1,4,0,0,0,1,0,0,4,4530,2718,593
569,34,3,4,1,60,2,4,2,2,2,0,4,0,0,0,1,0,0,1,6527,6527,2161
570,50,3,2,1,6,2,4,2,2,1,1,2,0,0,0,0,0,0,2,1236,988,243
571,35,3,2,1,15,2,4,4,2,1,0,1,0,0,0,0,0,0,1,5324,3194,629
572,63,3,4,2,30,4,4,4,2,1,0,1,0,0,1,0,0,0,2,7596,4557,658
573,41,3,3,2,6,4,2,2,1,1,0,2,0,1,1,0,0,1,1,250,150,22
574,29,1,4,1,36,1,2,1,0,1,0,3,0,1,1,0,0,0,0,3990,3990,1326
575,28,0,0,2,13,4,1,1,1,1,0,3,0,1,1,0,0,0,6,1797,898,115
576,32,0,4,1,24,2,4,3,2,1,1,4,0,0,0,0,0,0,1,1285,1156,-424
577,40,1,0,2,12,2,3,4,1,1,0,3,1,1,1,0,0,1,4,1155,1039,187
578,25,0,4,1,24,2,4,2,2,1,1,4,0,0,0,0,0,1,1,1371,1096,-388
579,35,1,3,1,18,2,2,2,1,1,0,4,0,0,1,1,0,0,6,1941,1358,359
580,22,3,1,1,9,2,4,1,2,1,1,2,0,0,0,0,0,0,3,2301,2301,722
581,24,0,0,1,36,2,1,3,2,1,0,2,0,0,1,1,0,0,1,9271,6489,-3149
582,54,1,0,1,36,3,2,2,2,1,1,2,0,0,0,0,0,0,1,7432,4459,801
583,30,0,0,2,21,4,3,4,2,1,0,4,0,0,1,1,0,0,1,1602,961,124
584,48,0,0,2,12,0,4,2,2,1,0,4,0,1,1,0,0,0,1,1082,757,-337
585,35,1,4,1,21,2,3,3,2,1,0,2,0,0,1,1,0,0,3,3976,3976,1113
586,33,3,1,1,24,2,3,1,2,1,0,4,0,0,1,1,0,1,1,1474,737,154
587,20,3,2,1,15,2,4,2,2,1,1,2,0,0,0,0,0,0,3,2221,1554,400
588,40,1,3,2,11,4,4,2,2,1,0,4,0,0,1,0,0,0,1,1322,1322,345
589,53,0,0,1,12,2,4,1,2,1,0,4,0,0,1,0,0,0,5,795,477,-413
590,31,3,4,1,36,3,2,3,3,2,0,3,0,1,1,1,0,0,2,8947,6262,1377
591,20,0,0,1,12,2,2,2,3,2,1,2,0,0,0,1,0,1,4,1107,885,208
592,32,1,0,1,48,0,2,2,3,1,0,1,0,1,1,1,1,0,0,18424,12896,-6960
593,46,0,0,2,12,1,2,1,2,1,0,4,0,1,1,1,0,0,1,697,348,-173
594,30,1,1,2,30,3,3,1,3,1,0,4,0,1,1,0,0,0,4,1919,1535,-892
595,30,1,2,2,48,0,1,1,2,1,0,1,0,0,1,0,0,0,1,8358,7522,1804
596,57,0,3,2,24,4,4,4,3,1,1,4,0,0,0,1,0,0,4,1231,738,76
597,26,1,4,1,30,2,1,2,2,1,0,4,0,0,1,0,0,0,4,1715,1029,240
598,57,2,2,1,24,2,3,2,1,1,0,3,0,0,1,0,0,0,4,1258,1006,250
599,25,0,0,2,15,4,3,2,2,1,1,4,0,0,0,0,0,0,3,1433,859,128
600,31,3,0,1,12,2,4,3,1,1,0,3,0,0,1,0,0,1,3,1736,1388,339
601,53,3,2,1,24,2,4,4,2,1,0,3,0,0,1,0,0,0,3,2835,1984,411
602,53,3,4,2,24,4,4,4,2,1,0,4,0,0,1,0,0,0,4,2424,1212,151
603,39,3,0,1,6,0,4,4,1,1,0,4,0,0,1,0,0,0,4,426,383,117
604,31,3,0,1,48,4,3,2,2,1,0,1,0,1,0,1,0,0,5,6110,4888,1392
605,39,3,2,1,36,2,4,4,2,1,0,4,0,0,1,0,0,0,4,2299,2069,597
606,52,1,4,1,12,2,1,0,3,1,0,2,0,0,1,1,0,0,4,6468,4527,-2129
607,29,3,0,1,12,2,2,1,2,1,0,2,0,1,1,0,0,0,4,2171,1953,592
608,34,0,0,1,42,2,3,1,2,1,0,4,0,0,1,0,0,0,4,3965,2775,-1203
609,27,1,0,2,18,4,1,1,2,1,0,4,0,0,1,0,0,0,3,1295,777,82
610,61,3,4,1,12,4,2,3,2,1,0,4,0,0,1,0,0,0,5,2012,1207,215
611,39,3,0,2,18,1,4,4,3,2,0,2,0,1,1,1,0,0,1,6458,6458,-2804
612,30,0,4,1,42,2,3,3,3,1,0,4,0,0,1,1,0,0,4,7174,5739,-3167
613,40,0,0,1,12,2,2,2,1,1,0,4,0,0,1,0,0,1,4,701,420,93
614,27,3,3,2,27,3,2,2,2,1,0,2,0,0,1,0,0,0,2,8613,7751,1442
615,39,0,0,2,6,4,4,4,2,1,0,1,0,0,1,1,0,0,1,860,688,111
616,48,0,1,2,9,4,4,4,2,2,0,3,1,0,1,0,1,1,0,1288,1159,252
617,33,0,0,1,18,2,2,0,2,1,0,4,0,0,1,0,0,0,3,1131,678,-313
618,42,0,0,1,12,2,1,2,2,1,0,2,0,0,1,0,0,0,3,2577,2061,502
619,74,1,0,1,9,1,4,4,3,2,0,2,0,1,0,1,0,0,2,5129,3077,-1488
620,28,3,0,2,6,4,1,2,2,1,0,1,0,0,1,1,0,0,4,1382,1243,237
621,43,3,0,3,12,4,4,4,2,1,0,4,0,0,1,1,0,1,3,1935,1548,124
622,31,0,0,1,18,0,1,3,2,1,0,3,0,1,1,1,0,0,6,3104,2483,724
623,27,1,3,2,48,2,2,3,2,1,0,1,0,1,1,1,0,0,4,10961,7672,-3241
624,23,1,4,1,6,2,2,0,0,1,0,1,0,0,1,1,0,0,1,14555,11644,-5406
625,52,3,0,3,12,4,4,4,2,1,0,4,0,0,1,0,0,1,4,717,573,79
626,35,3,0,2,24,4,2,2,1,1,0,4,0,0,1,0,0,1,4,2684,1342,106
627,36,3,4,2,36,4,4,4,2,1,0,4,0,0,1,0,0,1,6,6304,4412,681
628,26,3,0,2,18,4,2,2,2,1,0,2,0,0,1,0,0,0,4,2404,1923,380
629,26,0,0,1,48,2,3,3,2,2,0,4,0,0,1,0,0,0,2,4788,2394,472
630,20,3,4,1,12,2,4,1,2,1,1,1,0,0,0,0,0,0,2,4675,2805,673
631,24,3,4,1,30,2,4,3,1,1,1,2,0,1,0,0,0,0,2,4811,3848,1076
632,38,0,0,1,12,2,3,2,1,2,0,2,1,0,1,0,0,0,3,708,708,242
633,49,3,4,1,12,4,4,4,2,1,1,2,0,0,0,1,0,0,3,5801,3480,747
634,23,1,0,1,13,2,4,1,1,1,0,2,1,0,1,0,0,0,4,2101,2101,688
635,23,1,0,2,13,4,4,1,2,1,0,4,1,0,1,0,0,1,4,882,441,60
636,49,3,4,1,12,4,4,4,2,1,0,1,0,0,1,1,0,1,4,2331,1165,228
637,27,3,0,2,18,4,1,3,2,1,0,3,0,0,1,0,0,0,2,3850,2695,324
638,34,3,0,2,18,3,3,0,2,1,0,2,0,0,1,0,0,1,4,2320,2088,348
639,21,3,4,1,18,2,2,1,2,1,1,4,0,0,0,1,0,1,4,1126,675,120
640,55,0,0,1,12,2,4,0,3,1,0,3,0,0,0,0,0,0,3,2578,1546,318
641,43,3,4,2,24,4,4,3,2,2,0,4,0,0,1,1,0,0,2,2197,1098,139
642,33,0,0,1,12,2,1,1,1,2,0,4,0,0,1,0,0,1,1,2579,2321,-1291
643,29,3,0,2,28,4,2,4,2,1,0,4,0,0,1,0,0,0,4,2743,2194,392
644,23,3,2,1,6,2,4,3,1,1,1,2,0,0,0,0,0,1,0,660,660,200
645,34,0,0,1,36,2,4,1,2,1,0,4,0,0,1,1,0,0,1,1842,1289,-599
646,36,0,0,2,11,4,2,2,2,2,1,2,0,0,0,0,0,1,1,3905,3514,636
647,29,0,0,1,24,3,2,1,1,1,1,4,0,0,0,1,0,0,4,1659,1493,-819
648,24,3,2,1,39,2,4,2,2,1,0,4,0,0,1,0,0,0,2,2569,2312,557
649,52,3,0,1,12,2,4,2,2,1,0,2,0,0,1,1,0,0,4,3077,2769,674
650,29,1,1,1,36,2,1,1,3,1,1,4,0,0,0,1,0,0,3,9034,7227,-3545
651,36,2,2,1,15,4,2,2,2,1,0,2,0,0,1,1,0,0,2,2360,1652,329
652,40,0,0,1,6,4,4,1,1,2,0,2,0,0,1,0,1,1,1,1361,1224,291
653,31,3,1,1,15,4,3,2,2,1,0,4,0,0,1,0,0,0,5,1532,766,126
654,75,0,4,1,6,2,3,0,3,1,0,4,0,0,1,1,0,0,1,1374,1374,440
655,37,3,0,1,24,4,4,2,2,1,0,4,0,0,1,1,0,0,1,2022,1617,446
656,28,1,1,2,18,0,3,1,2,1,0,3,0,0,1,0,0,0,1,2278,1822,-868
657,36,0,0,1,12,2,3,3,2,1,0,2,0,0,1,0,0,0,1,1372,1234,-428
658,27,1,0,1,12,2,1,3,2,1,0,2,0,0,1,0,0,1,4,2930,2051,492
659,36,0,0,2,9,4,2,2,2,2,1,2,0,0,0,0,0,1,1,2799,1399,150
660,23,0,0,2,24,2,4,3,2,1,1,4,0,0,0,0,0,0,1,1442,1009,-595
661,74,3,0,1,24,4,2,2,3,1,0,3,0,0,1,1,0,1,6,4526,2263,336
662,27,1,4,1,60,3,2,2,3,1,0,2,0,0,0,0,0,0,4,9157,9157,2992
663,41,2,0,1,6,2,2,2,2,1,0,2,0,0,1,1,0,1,3,2116,1692,476
664,28,3,2,1,24,2,1,3,2,1,0,4,0,0,1,0,0,0,4,1376,963,239
665,32,0,0,2,30,0,2,2,2,1,0,2,1,0,1,0,0,1,3,4583,3208,534
666,41,1,0,1,12,2,4,4,1,2,0,4,0,1,1,0,0,0,1,888,799,-311
667,34,1,3,1,30,1,2,2,2,2,0,4,0,1,1,1,0,0,3,3496,2796,692
668,33,3,0,1,24,4,4,4,2,1,0,4,0,0,1,1,0,0,3,5150,3605,876
669,27,2,4,2,10,4,2,3,2,1,0,4,0,0,1,1,0,0,4,1347,942,173
670,29,1,0,2,12,2,3,3,2,1,0,4,1,0,1,0,1,1,4,1103,882,123
671,24,1,1,1,48,2,2,3,2,1,0,3,0,0,1,0,0,0,1,6560,5904,-2623
672,40,3,4,2,30,4,2,4,2,2,0,3,0,0,1,1,0,0,4,3077,1538,112
673,47,3,2,2,15,4,2,2,1,1,0,2,0,0,1,0,0,0,4,1316,921,135
674,23,1,0,2,24,2,4,2,3,1,1,1,0,0,0,0,0,0,2,11560,9248,-4648
675,23,0,0,1,15,2,4,0,2,1,1,1,0,0,0,0,0,0,1,2511,1757,350
676,74,2,0,3,6,4,1,2,0,2,0,1,0,0,1,0,1,1,1,1299,909,109
677,31,0,0,1,30,2,4,1,1,1,0,2,0,0,1,0,0,0,3,3108,2797,-1444
678,37,3,0,2,36,4,4,3,2,1,0,4,0,0,1,1,0,0,1,3535,3181,710
679,40,3,2,1,22,2,4,4,2,1,0,3,0,0,1,0,0,0,4,2675,1605,289
680,51,0,4,1,18,2,4,4,2,2,0,1,0,0,0,1,0,0,2,7511,5257,-1602
681,26,1,0,1,6,2,3,1,1,1,0,3,0,0,1,0,1,1,4,590,413,111
682,62,3,2,1,6,2,4,2,2,1,0,1,0,0,1,0,0,1,0,1338,936,181
683,33,0,0,3,18,4,4,4,2,1,1,1,0,1,0,1,0,1,1,3966,3569,-1955
684,21,3,4,1,12,2,2,2,2,1,0,4,0,0,1,0,0,0,4,886,797,197
685,68,3,4,2,18,2,4,2,2,1,1,2,0,0,0,0,0,0,1,6761,4056,-1421
686,40,3,4,1,10,2,3,3,2,1,0,4,0,0,1,1,0,0,0,894,715,162
687,27,0,0,1,18,2,1,1,2,1,0,4,0,1,1,0,0,0,4,2389,2150,676
688,36,0,0,1,18,1,4,1,3,1,0,3,0,1,0,1,0,0,4,1940,970,141
689,34,1,4,2,24,4,3,3,2,2,0,4,0,0,1,1,0,0,6,2825,2260,405
690,28,0,0,1,21,2,4,1,3,1,1,4,0,0,0,1,0,0,4,2606,2084,507
691,24,0,4,1,21,2,2,3,1,1,0,2,0,0,1,0,1,1,1,3763,3763,1324
692,32,3,1,1,10,2,2,2,2,2,0,1,0,0,1,0,0,1,2,2848,1993,396
693,21,0,0,1,18,4,4,1,2,1,1,4,0,0,0,0,0,0,3,1049,944,286
694,28,2,0,1,9,2,2,2,1,1,0,3,0,0,1,0,0,1,4,745,447,-200
695,30,0,2,1,24,1,4,1,2,2,0,4,0,0,0,1,0,0,3,3349,2009,-615
696,49,2,4,2,30,4,4,4,1,1,0,4,0,1,1,0,0,0,4,3656,3290,651
697,23,1,2,2,27,4,2,2,1,1,0,4,0,0,1,0,0,0,4,2520,2016,-647
698,64,1,0,1,6,2,3,2,2,1,0,2,1,0,1,0,0,1,4,753,376,69
699,33,2,0,2,42,0,1,1,2,1,0,2,0,0,1,0,0,0,6,6289,3144,258
700,40,0,0,1,30,2,4,2,3,1,0,4,0,0,1,1,0,0,2,3857,3471,1057
701,35,1,0,1,36,2,2,2,3,1,1,2,0,0,0,1,0,0,2,6948,4863,1231
702,25,0,4,3,30,0,3,1,2,1,0,2,0,1,1,0,0,0,6,8072,5650,351
703,42,2,3,2,12,1,3,2,2,1,1,3,0,0,0,0,0,1,4,409,327,60
704,37,2,0,1,18,2,2,2,2,1,0,4,0,1,1,0,0,1,4,2100,1890,-832
705,23,0,2,1,6,2,2,0,0,1,1,1,0,0,0,1,0,0,2,1352,811,141
706,31,3,0,2,36,4,2,2,2,1,0,2,0,1,1,0,0,0,4,9566,7652,1185
707,22,1,3,1,12,2,1,2,2,1,0,4,0,0,1,0,0,1,1,1007,805,174
708,51,1,0,1,11,3,4,3,2,1,0,2,0,0,1,0,0,0,4,4771,3816,864
709,47,1,1,1,36,2,4,2,2,2,0,1,0,0,0,1,0,0,5,12612,6306,-4459
710,34,1,1,1,18,2,4,2,2,1,0,4,0,0,1,0,0,0,6,2622,2359,580
711,32,1,0,1,12,2,2,3,2,1,0,2,0,0,1,0,0,0,1,6078,5470,1702
712,27,0,4,2,10,4,3,1,2,1,1,2,0,0,0,0,1,1,3,2132,1492,229
713,30,1,0,1,12,2,2,2,2,1,0,4,0,0,1,0,0,0,0,639,639,-330
714,66,1,2,1,12,2,3,2,1,1,0,4,0,0,1,0,0,1,4,766,689,-368
715,51,3,1,2,12,4,3,3,2,1,0,4,0,0,1,1,0,0,1,682,682,172
716,45,0,0,1,12,1,1,4,1,1,0,4,0,1,1,0,0,0,0,339,271,59
717,20,1,3,1,11,2,1,1,2,1,0,4,0,0,1,0,0,1,3,1577,946,170
718,52,0,2,2,6,4,4,4,2,1,0,4,0,0,1,0,0,0,4,338,202,22
719,68,1,0,3,16,4,3,0,0,1,0,2,0,0,0,1,0,0,1,1175,705,34
720,27,1,1,4,12,2,4,1,2,1,1,4,0,1,0,0,0,0,3,951,570,-263
721,26,1,0,1,12,4,3,3,2,1,0,4,0,0,1,0,0,0,0,1424,1424,390
722,23,2,0,1,36,2,2,2,2,1,0,2,0,0,1,1,0,1,4,3913,3130,899
723,53,0,0,1,12,2,4,4,3,1,0,4,0,0,0,1,0,0,3,7865,5505,-2364
724,61,1,1,2,21,2,2,4,1,1,1,4,0,1,0,0,0,0,6,2767,2490,-2105
725,35,3,1,1,6,0,1,2,2,1,1,4,0,1,0,0,1,0,1,1204,722,147
726,29,0,0,1,12,1,1,2,2,1,0,4,0,0,0,0,0,0,4,2149,2149,-1220
727,38,3,0,1,24,2,3,1,2,1,0,4,0,1,1,1,0,0,4,1533,1379,389
728,49,0,4,1,12,2,4,4,1,1,0,2,0,0,1,1,0,0,3,1262,1262,436
729,31,1,1,1,48,3,4,0,3,1,0,2,0,0,0,1,0,0,0,7582,6065,1366
730,45,3,4,1,10,2,2,4,1,1,0,4,0,0,1,0,1,0,1,1287,1158,306
731,33,0,1,1,12,2,3,1,1,1,0,4,0,0,1,1,0,0,4,727,654,-340
732,48,1,4,1,24,2,4,2,1,1,0,1,0,0,1,1,0,0,3,4351,3045,663
733,34,3,3,1,24,2,3,3,2,2,0,4,0,0,1,1,0,0,1,1525,1372,347
734,24,0,4,1,15,2,2,2,2,1,1,4,0,0,0,0,0,0,0,1275,637,-222
735,23,1,2,1,24,2,4,0,0,1,1,1,0,0,0,0,0,0,4,3758,2254,384
736,26,3,0,2,36,3,2,2,3,1,0,4,0,0,1,1,0,0,4,4463,3124,-1012
737,22,0,0,1,18,2,4,1,2,1,1,1,0,0,0,0,0,0,3,3650,2920,799
738,36,3,4,1,7,3,4,4,2,1,0,3,0,0,0,0,0,0,4,846,423,77
739,40,1,0,2,18,4,4,0,3,1,0,4,0,1,1,1,0,0,3,7374,6636,1159
740,46,0,0,2,36,4,2,2,2,1,0,3,0,0,1,1,0,0,3,2348,1408,201
741,27,0,0,1,15,2,2,1,2,1,0,4,0,0,1,0,1,1,4,1053,631,119
742,23,0,4,2,18,3,2,2,2,1,1,1,0,0,0,1,0,0,5,8471,4235,463
743,46,3,3,2,18,4,3,2,2,1,0,4,0,0,1,0,0,1,4,1149,804,98
744,37,3,3,2,24,4,4,4,2,1,0,4,0,0,1,1,0,1,1,1287,1158,280
745,35,1,0,1,7,2,2,2,2,1,0,2,1,0,1,0,0,1,4,2576,2318,692
746,35,0,0,1,12,2,4,4,2,1,0,3,0,0,0,1,0,0,2,3386,3047,-1723
747,32,3,4,2,48,3,3,4,2,2,0,3,0,1,1,0,0,0,4,7238,5790,907
748,25,2,0,1,24,2,2,3,2,1,0,4,0,1,1,0,0,0,4,5152,2576,377
749,62,3,0,1,24,2,4,4,2,1,0,4,0,0,0,1,0,0,1,3757,2629,697
750,40,3,0,2,24,4,3,3,2,1,0,4,0,0,1,0,0,0,3,1585,1268,196
751,34,1,1,1,15,1,2,0,3,2,0,1,0,0,1,1,0,0,1,6850,3425,-1718
752,23,3,0,2,36,4,4,1,2,1,1,2,0,0,0,1,0,0,3,7127,4988,-1596
753,42,3,0,2,4,4,1,3,1,2,0,2,0,0,1,0,0,1,4,1503,1202,182
754,37,1,0,1,18,4,4,4,2,1,0,3,0,0,1,1,0,0,3,3612,3250,1045
755,32,3,0,1,24,2,1,3,2,2,0,3,0,1,1,0,0,0,4,1552,931,158
756,29,3,4,2,21,0,4,2,2,1,0,1,0,1,1,1,0,0,1,5003,3502,-1636
757,34,3,3,1,24,4,2,4,2,1,0,2,0,0,1,0,0,0,4,2578,1289,196
758,33,3,4,2,24,4,2,2,2,1,0,3,0,0,1,1,0,0,5,1927,1156,193
759,21,0,0,1,12,2,1,2,1,1,0,4,1,0,1,0,0,0,3,1289,773,133
760,36,1,0,3,24,0,4,2,1,1,0,1,0,0,1,1,0,1,6,4241,3816,-2676
761,50,1,1,1,36,2,4,2,2,1,0,4,0,0,0,0,0,0,4,2671,2136,-927
762,37,0,0,3,6,4,3,2,2,2,1,1,0,0,0,0,0,1,1,3676,2940,308
763,29,1,1,1,9,1,3,3,2,1,0,2,0,0,1,0,0,0,1,1437,1005,-356
764,21,3,0,2,60,3,4,3,2,1,0,2,0,0,1,1,0,0,4,15653,7826,937
765,26,3,2,1,12,2,2,2,2,1,0,2,0,0,1,0,0,0,1,1386,1247,-605
766,37,3,4,1,48,2,3,3,2,1,0,4,0,1,1,1,0,0,4,10222,9199,2951
767,27,3,0,1,48,1,1,2,2,1,0,1,0,1,1,0,0,1,6,3609,2165,473
768,24,1,1,1,72,2,2,2,2,1,0,2,0,0,1,0,0,0,4,5595,3916,-2321
769,30,1,1,1,36,3,3,4,2,1,0,4,0,0,0,0,0,0,1,2862,2862,782
770,38,3,0,1,12,4,2,0,0,1,0,1,0,0,1,0,0,0,1,926,740,163
771,25,1,0,2,12,0,3,1,2,1,1,4,0,0,0,0,0,0,3,2969,1484,-647
772,32,3,0,1,18,2,2,2,3,1,0,4,0,0,0,1,0,0,4,1505,1354,419
773,25,0,0,2,18,2,4,2,2,1,1,4,0,1,0,0,0,0,4,1882,1317,-576
774,35,0,1,1,18,2,4,2,1,2,0,3,0,0,1,1,0,0,1,4380,3504,783
775,37,0,0,1,12,2,1,1,1,1,0,3,0,0,1,0,0,1,1,1274,637,-268
776,39,2,4,2,15,4,4,2,2,1,0,3,0,0,0,1,0,0,4,1271,762,-256
777,31,3,4,1,10,2,4,1,2,1,1,1,0,0,0,0,0,1,2,2901,1740,373
778,25,0,0,1,18,2,1,3,2,1,0,4,1,0,1,0,0,1,4,3509,2105,502
779,38,3,4,2,48,4,3,4,2,2,0,4,0,0,1,1,0,0,2,2751,1925,361
780,22,3,0,2,12,4,4,1,1,1,1,2,0,0,0,0,0,0,3,1258,1006,204
781,65,3,4,4,12,4,4,4,2,1,0,4,0,0,1,0,0,1,4,930,837,49
782,24,3,0,2,6,4,2,3,2,1,1,1,0,0,0,1,0,0,4,1554,1554,346
783,36,3,0,2,18,0,2,2,2,2,0,2,0,1,1,0,0,0,6,4165,3748,-3135
784,23,3,0,1,4,2,3,1,1,2,1,1,0,0,0,0,0,1,3,601,601,191
785,28,3,0,1,24,2,2,1,2,1,0,4,0,0,1,0,0,1,1,1249,749,176
786,28,3,0,1,15,4,2,2,2,1,0,4,0,0,0,1,0,0,3,3343,1671,357
787,42,3,0,1,12,4,4,4,2,1,0,2,0,1,1,0,0,0,3,3331,2331,564
788,28,3,0,1,36,2,2,4,2,1,0,4,0,0,1,0,0,0,4,3595,2876,790
789,23,1,0,1,48,2,2,2,2,1,0,2,0,0,1,1,0,0,6,15672,14104,-12029
790,35,3,3,1,12,4,2,3,2,1,0,3,0,0,1,0,1,0,3,1592,955,167
791,27,1,4,1,36,2,2,2,2,1,0,2,0,0,1,0,0,0,5,3711,2597,521
792,68,0,0,1,6,2,4,4,3,1,0,1,0,1,1,1,0,0,1,14896,13406,-7231
793,39,0,0,3,48,2,4,3,2,2,0,4,0,1,0,1,0,0,2,10297,7207,-4283
794,30,1,0,1,6,2,3,1,3,1,1,4,0,0,0,1,0,0,4,2063,2063,659
795,38,3,4,1,12,2,4,0,3,1,0,4,0,0,1,1,0,0,1,2859,2287,509
796,37,1,0,3,9,4,4,4,1,1,0,2,0,0,1,0,0,1,4,1154,692,41
797,54,3,0,1,15,2,2,4,3,1,1,4,0,1,0,1,0,0,4,3568,3568,1238
798,42,1,4,2,18,3,2,4,2,1,0,4,0,0,1,0,0,0,6,2427,2184,485
799,64,3,1,1,13,2,4,0,2,1,0,2,0,0,1,0,0,1,4,1409,845,197
800,38,3,0,1,12,2,4,4,2,1,0,4,0,0,1,0,0,0,4,804,402,61
801,61,3,3,1,12,2,4,3,1,1,0,2,0,0,1,0,0,1,4,3059,2447,540
802,44,1,0,1,24,2,2,4,3,1,0,4,0,0,0,1,0,0,2,12579,10063,-3320
803,34,1,0,1,7,2,2,2,2,1,0,3,1,0,1,0,0,1,4,2415,2173,578
804,37,2,0,1,10,2,2,2,2,1,0,2,0,0,1,1,0,0,0,1225,612,102
805,39,3,0,2,11,4,4,2,1,1,0,1,0,0,1,0,0,0,1,7228,6505,1165
806,23,2,0,1,18,2,2,4,3,1,0,3,0,0,1,0,0,0,1,1961,1961,659
807,37,3,0,1,36,2,4,2,2,1,0,4,0,1,0,1,0,0,5,1819,909,-637
808,39,3,4,1,54,0,2,2,1,2,0,2,0,0,1,0,0,0,2,9436,7548,1677
809,30,0,1,1,18,2,3,3,3,2,0,4,0,0,1,1,0,0,1,2249,1574,421
810,36,1,0,1,36,4,4,4,2,1,0,4,0,0,1,0,0,1,4,2337,2337,698
811,30,0,4,1,24,2,2,1,2,1,0,1,0,0,1,1,1,0,3,7721,4632,993
812,23,0,2,2,33,4,4,2,2,1,0,1,0,0,1,0,0,0,3,4281,2996,-1312
813,34,1,0,2,12,4,2,0,3,1,0,4,0,0,1,1,0,0,2,1860,1302,211
814,35,1,4,3,15,4,2,3,2,1,0,4,1,1,1,1,0,1,4,2728,2728,362
815,28,0,0,2,36,4,2,2,2,1,0,3,1,0,1,0,0,0,3,5371,4833,1137
816,38,1,1,2,24,2,3,3,2,1,0,2,0,1,1,1,0,0,1,3512,3160,561
817,25,3,0,1,24,2,4,3,2,1,1,2,0,0,0,1,0,0,3,3972,2383,396
818,31,3,0,2,12,2,2,3,3,2,1,4,0,0,0,1,0,0,4,1963,1177,172
819,20,0,1,1,12,2,1,3,2,1,0,4,0,0,1,0,0,0,4,674,606,-211
820,36,1,4,1,24,2,4,4,2,1,0,4,0,1,0,1,0,0,2,2760,1656,394
821,21,0,0,1,24,2,2,2,1,1,0,2,0,1,1,0,0,0,6,6568,5911,1750
822,24,0,0,1,24,2,2,2,1,1,1,2,0,0,0,0,0,1,3,3021,2114,402
823,22,3,0,1,9,2,2,3,2,1,0,4,0,0,1,0,0,0,4,1478,1034,-372
824,35,3,0,2,12,4,2,2,2,1,0,4,0,0,1,0,0,0,4,1291,903,173
825,26,2,0,1,24,2,2,2,2,1,0,2,0,0,1,0,0,1,3,1925,1732,535
826,23,3,1,1,15,2,4,1,2,1,0,1,0,0,1,1,0,0,2,3812,3812,1205
827,45,0,0,1,14,2,4,4,3,1,0,1,0,0,1,1,1,0,1,8978,7182,-3830
828,32,3,0,1,6,2,4,1,2,1,0,1,0,0,1,0,0,0,3,4611,2766,-1336
829,49,1,0,2,12,2,4,2,2,1,0,4,1,0,1,1,0,1,4,1092,764,94
830,43,3,0,1,18,2,4,2,2,1,0,3,0,0,1,1,0,1,3,2515,1257,235
831,24,1,0,1,8,2,4,2,2,1,0,3,0,0,1,0,0,1,3,1237,989,-430
832,32,3,0,2,12,4,2,2,2,1,0,4,0,0,1,0,0,0,5,701,350,49
833,31,2,0,1,36,2,2,4,2,1,0,4,0,0,1,0,0,0,4,4473,4473,1355
834,28,0,0,1,24,2,4,2,2,1,0,4,0,0,1,0,0,0,3,4169,2501,599
835,34,3,1,2,6,3,2,2,1,1,0,1,0,0,1,0,0,1,6,1743,1045,135
836,28,3,0,1,12,2,2,2,2,1,0,4,0,0,1,0,0,1,4,776,543,104
837,42,0,0,1,36,2,2,4,2,2,0,4,0,0,1,0,0,0,3,3446,3101,-1708
838,57,1,0,1,36,2,2,4,3,1,0,4,0,0,0,1,0,0,1,14318,11454,-5352
839,27,1,2,1,15,4,4,2,2,1,0,2,0,1,1,0,0,0,6,2326,1860,519
840,46,1,0,2,12,2,1,4,2,1,1,1,0,0,0,0,0,1,1,1223,856,-335
841,26,3,2,1,24,2,2,4,3,1,0,3,0,0,1,1,0,0,4,3235,1617,258
842,31,3,2,1,21,2,2,3,3,1,0,1,0,1,1,0,0,0,1,2782,1669,366
843,20,3,0,1,9,2,4,4,2,1,0,1,0,0,1,0,0,0,3,1313,787,154
844,65,0,0,2,42,4,4,0,0,1,0,4,0,0,1,0,0,0,0,3394,2036,258
845,55,2,4,1,12,2,4,4,3,1,0,3,0,0,1,1,0,1,3,1424,854,199
846,27,0,0,1,6,2,1,1,2,1,0,4,0,0,1,0,0,1,0,343,308,98
847,26,3,0,2,33,3,2,2,2,1,0,2,0,0,1,1,0,0,6,2764,1658,189
848,39,1,1,1,12,2,4,3,1,1,0,3,0,0,1,0,0,1,6,1037,622,116
849,35,3,1,1,10,2,2,2,1,1,1,3,0,0,0,0,1,1,1,1418,992,206
850,32,1,0,1,18,2,2,4,1,1,0,4,1,0,1,0,0,1,4,1301,650,121
851,28,3,0,1,24,2,2,2,2,1,0,4,0,0,1,0,0,0,4,1413,1413,426
852,43,0,1,1,6,2,2,4,2,1,0,3,0,0,1,1,0,0,1,1203,842,162
853,31,0,0,1,36,2,4,2,2,1,1,4,0,0,0,0,0,0,4,2302,1841,-888
854,42,0,0,1,48,2,4,4,3,1,0,4,0,1,0,0,0,0,1,7763,5434,-2226
855,24,0,0,1,12,1,4,2,1,1,0,4,0,1,1,0,0,1,4,626,563,-231
856,27,0,0,1,24,1,4,3,2,1,0,3,0,1,1,0,0,0,3,3552,1776,-894
857,41,1,4,2,48,2,1,3,2,2,0,4,0,0,1,1,0,0,4,3979,2785,481
858,27,1,0,2,36,4,4,1,2,1,0,4,0,0,1,0,0,0,1,2820,2256,-1037
859,47,0,0,1,18,2,3,2,1,1,0,4,0,0,1,1,0,1,0,1217,973,-395
860,31,3,0,2,18,4,2,3,2,1,0,2,0,1,1,0,0,0,1,2775,2220,-689
861,33,3,0,1,18,2,1,1,2,1,0,4,0,0,1,0,0,1,4,2051,1435,343
862,21,1,1,1,30,2,4,2,2,1,1,2,0,0,0,0,0,0,3,3441,2752,-1151
863,36,3,2,2,42,4,4,2,2,1,0,4,0,0,1,1,0,1,3,4042,3233,650
864,34,3,0,1,12,2,3,1,2,2,0,4,0,0,1,0,0,0,4,1493,1045,266
865,38,2,0,1,24,2,3,3,2,2,0,4,0,1,0,0,0,0,1,947,947,-411
866,28,1,0,2,30,0,1,2,2,1,0,2,0,0,1,0,0,0,6,4221,2954,414
867,43,0,0,2,12,4,4,4,2,1,1,3,0,0,0,1,0,0,1,4843,4358,-1482
868,64,0,0,1,24,2,4,4,1,1,1,4,0,1,0,0,0,1,4,2384,1430,322
869,35,3,1,1,9,2,4,4,2,1,0,3,0,0,1,1,0,0,4,2753,2202,503
870,24,3,0,2,18,4,2,2,2,1,0,4,0,0,1,0,0,0,4,1800,1440,233
871,25,1,0,1,9,2,4,4,2,1,0,4,0,0,1,0,0,1,4,1206,1085,296
872,31,2,4,2,24,4,2,2,2,1,0,3,0,0,1,1,0,0,4,3148,1574,135
873,59,1,0,1,48,1,3,4,2,1,1,4,0,0,0,0,0,0,6,6416,6416,-3914
874,45,3,0,2,6,4,3,3,3,2,0,1,0,0,1,1,0,0,1,6761,6084,1037
875,26,3,4,1,21,2,3,2,2,1,0,1,0,0,1,0,0,0,2,5248,2624,487
876,31,3,0,1,24,2,2,2,2,1,0,2,1,0,1,1,0,1,1,1393,835,178
877,28,1,0,3,12,4,4,4,2,1,1,1,0,0,0,1,0,0,3,3617,3255,535
878,38,3,3,2,36,4,2,4,3,1,0,4,0,0,1,1,0,0,2,5711,4568,987
879,50,1,0,1,48,3,4,4,2,1,0,4,0,0,0,0,0,0,5,6224,4979,-4477
880,54,3,4,2,24,3,4,4,2,1,0,4,0,0,1,1,0,0,1,717,501,83
881,55,1,0,1,42,1,2,0,3,1,0,1,0,1,0,1,0,0,2,9283,8354,2423
882,43,0,0,1,36,2,3,0,3,1,0,2,0,0,1,0,0,0,0,15857,15857,4387
883,47,0,4,1,36,2,4,4,2,1,0,3,0,0,0,0,0,0,2,8335,5001,-2571
884,63,0,0,2,24,4,4,4,2,1,0,4,0,0,1,1,0,0,2,2957,1774,277
885,59,0,0,1,9,2,4,3,2,1,0,3,0,0,1,0,0,1,4,1364,1091,276
886,29,0,0,1,15,2,2,2,2,1,0,3,0,0,1,1,0,0,1,3959,2771,-1073
887,37,3,4,2,36,2,2,4,2,1,0,3,0,0,1,0,0,0,6,7409,4445,671
888,27,0,0,1,9,2,2,1,3,1,0,3,0,0,0,1,0,0,1,1422,995,-316
889,34,3,0,2,36,4,4,4,3,1,0,4,0,0,1,1,0,0,1,6614,3307,261
890,33,3,4,1,15,2,4,3,1,1,1,1,0,1,0,0,0,1,3,2186,1530,374
891,46,3,0,2,15,3,2,1,1,1,0,1,0,0,1,0,0,0,2,3594,3594,824
892,33,0,1,1,24,2,1,0,2,1,0,1,0,0,1,0,0,0,3,2359,2123,-1023
893,58,3,4,1,30,2,4,4,2,1,0,4,0,0,1,1,0,0,4,1867,1120,242
894,42,1,0,1,60,2,4,2,2,1,0,4,0,0,0,0,0,0,5,6288,5659,-3994
895,43,3,0,1,18,2,1,1,1,2,0,4,0,0,1,0,0,0,3,1533,1073,-566
896,45,0,0,1,28,2,2,2,1,1,0,3,0,0,1,0,0,0,1,4006,2804,-1282
897,29,3,4,1,42,2,4,3,2,1,1,2,0,0,0,1,0,0,4,7166,5016,1013
898,47,3,0,2,24,3,4,4,1,2,0,4,0,0,1,0,0,0,1,2538,2284,-904
899,29,0,0,1,24,2,2,0,3,1,0,4,0,0,0,1,0,0,2,6579,3947,794
900,23,0,0,1,45,2,4,2,2,1,0,4,0,0,0,1,0,0,4,1845,1476,-884
901,28,1,0,2,30,4,2,0,3,1,0,4,0,0,1,0,0,0,1,5234,4187,-1605
902,31,3,2,1,24,2,2,4,2,2,0,3,0,0,1,1,0,0,4,3430,2401,637
903,63,0,0,2,60,3,4,4,2,1,0,3,0,0,1,1,0,0,6,6836,3418,-2339
904,24,1,0,1,9,2,3,2,2,1,0,4,0,0,1,0,0,1,4,458,412,127
905,28,3,1,1,12,2,2,2,2,1,0,4,0,0,1,0,0,1,4,2073,1243,224
906,23,0,0,2,36,4,4,1,1,1,1,4,0,0,0,1,0,0,3,6229,3737,-1801
907,25,3,4,1,36,2,4,2,2,1,0,4,0,0,1,0,0,0,4,2394,1436,283
908,22,1,0,1,30,2,1,1,2,1,0,2,0,0,1,0,0,0,3,3832,3448,857
909,28,0,0,2,12,0,3,3,2,1,0,4,0,0,1,0,0,1,0,1108,1108,-368
910,36,1,4,2,20,3,4,3,3,2,1,3,0,1,0,1,0,0,2,7057,5645,807
911,35,1,2,1,14,2,2,4,2,1,0,1,0,0,1,1,0,1,6,1410,846,144
912,36,1,2,1,12,4,3,3,3,1,0,3,0,0,1,1,0,0,1,2366,2366,810
913,29,0,0,2,12,4,2,2,2,1,0,3,0,0,1,0,0,1,1,3499,3149,-1351
914,44,2,0,1,12,2,2,2,1,1,1,2,0,0,0,1,0,0,4,1881,1128,264
915,46,3,3,2,18,4,4,4,2,1,0,4,0,0,1,0,0,0,4,1582,1582,344
916,34,3,4,2,6,4,2,2,1,2,0,1,0,0,1,0,0,1,4,1898,1328,218
917,31,1,0,2,24,4,4,4,2,1,0,4,0,0,1,1,0,1,6,1935,967,-865
918,65,0,0,2,21,4,4,4,2,1,0,4,0,0,1,0,0,1,1,571,456,87
919,33,1,0,2,18,0,4,2,2,1,0,1,0,1,1,1,0,0,3,3244,2919,702
920,40,1,0,1,18,3,3,4,3,1,0,4,0,0,1,1,0,0,3,4297,3437,-1255
921,55,3,3,1,12,2,2,3,2,1,0,3,0,0,1,0,1,0,2,1413,1271,384
922,64,3,0,1,10,2,4,2,2,1,0,2,0,0,1,1,0,0,1,1364,1364,373
923,22,0,0,1,24,2,1,1,2,1,0,4,0,1,0,0,0,0,3,3149,1889,323
924,39,0,0,1,30,2,3,4,2,2,0,1,1,0,1,0,0,0,4,2522,1765,376
925,22,3,0,1,18,2,4,0,2,1,1,3,0,0,0,0,0,1,4,433,346,-116
926,57,3,1,3,11,4,4,0,1,1,0,4,0,0,1,0,0,1,4,1154,1154,219
927,25,3,4,2,24,2,2,4,2,1,0,4,0,0,1,0,0,0,4,999,999,197
928,29,3,1,1,24,2,4,2,3,1,1,4,0,0,0,1,0,0,4,1901,1330,310
929,48,0,0,1,24,3,4,1,2,1,0,4,0,1,1,0,0,1,4,1024,614,-325
930,32,1,3,2,21,4,2,3,2,1,0,3,0,0,1,1,0,0,3,2745,1647,171
931,22,1,0,1,9,2,4,2,1,1,1,4,0,0,0,0,0,1,1,276,220,50
932,27,0,0,2,15,3,4,4,1,1,0,1,0,0,1,0,0,0,3,3643,3643,855
933,28,1,0,1,6,2,4,4,2,2,0,4,0,0,1,0,0,0,4,1068,640,152
934,31,1,0,1,10,2,2,2,1,1,0,4,0,0,1,0,0,0,3,1521,912,207
935,32,1,3,2,9,4,3,4,2,2,0,4,0,0,0,0,0,0,5,1136,681,-538
936,23,0,0,1,30,2,4,3,2,1,1,4,0,0,0,0,0,1,3,2406,1924,-1024
937,40,1,0,1,18,2,4,3,2,1,1,2,0,0,0,0,0,1,3,3001,2700,699
938,52,3,1,2,6,4,4,2,1,1,0,4,0,0,1,0,0,0,1,362,253,41
939,27,3,0,2,9,2,2,3,2,1,0,3,0,0,1,0,0,0,6,1449,1159,200
940,43,3,3,2,24,4,1,2,1,1,0,4,0,0,1,0,0,1,4,1516,1061,172
941,28,2,2,3,12,4,2,3,2,1,0,4,0,0,1,1,0,1,1,939,751,-250
942,33,1,4,1,18,2,2,2,2,1,0,4,0,0,1,0,0,0,1,1042,729,-364
943,55,0,0,3,18,4,4,0,0,2,0,2,0,0,0,0,0,0,0,1190,833,-394
944,26,2,0,1,12,1,1,1,0,1,0,4,0,0,1,0,0,1,6,609,548,-349
945,61,1,3,2,15,3,3,2,2,1,0,3,0,1,1,0,0,0,0,1512,907,-338
946,32,3,0,1,18,2,2,1,2,1,0,3,0,0,1,1,0,0,4,4594,2756,556
947,35,3,0,2,24,3,3,3,1,1,0,3,0,0,1,1,0,0,2,4679,3275,604
948,44,0,0,2,15,4,4,4,2,2,0,4,0,0,1,1,0,0,3,1478,886,137
949,26,3,0,1,6,2,3,2,2,1,1,2,1,0,0,0,0,0,1,3518,3518,1046
950,28,2,1,2,6,4,4,4,2,2,0,2,0,0,1,1,0,0,1,1323,1058,166
951,45,3,1,1,39,2,2,4,3,1,0,4,0,0,1,1,0,0,2,8588,5152,948
952,36,3,4,2,6,4,4,4,2,1,0,4,0,0,0,0,0,0,4,700,350,29
953,41,0,0,1,6,2,4,1,1,2,0,3,0,0,1,1,0,1,1,662,595,182
954,45,2,0,1,18,2,1,1,1,1,0,1,0,1,1,0,0,0,3,3049,3049,902
955,35,3,4,2,48,4,1,3,2,1,0,2,0,0,0,1,0,0,2,8858,7086,1010
956,31,1,0,2,18,4,2,1,1,1,0,2,0,0,1,0,0,1,3,1928,1735,-849
957,31,0,0,1,48,2,2,2,2,1,0,3,0,0,1,1,0,0,4,6758,4054,-1503
958,27,3,0,2,24,2,3,1,1,1,0,4,0,0,1,0,0,0,0,937,655,103
959,60,0,0,2,12,4,3,4,2,1,0,3,0,0,1,0,0,0,3,2246,1572,-654
960,32,3,0,1,24,3,2,2,2,1,0,1,0,0,0,0,0,0,6,3863,3476,975
961,45,3,4,1,15,2,4,4,2,2,0,4,0,1,0,0,0,0,2,1300,780,130
962,49,3,0,1,12,2,2,2,1,1,0,4,0,0,1,0,0,1,1,640,320,44
963,64,3,4,1,9,2,4,4,1,1,0,1,0,0,1,0,0,1,5,3832,1916,323
964,26,0,0,2,42,3,2,3,2,2,0,3,0,1,1,1,0,0,4,4370,3933,-1461
965,40,0,0,1,12,2,4,2,1,2,1,4,0,0,0,0,0,0,5,684,615,-487
966,41,1,0,1,18,4,1,4,2,1,0,2,0,0,1,1,0,0,3,6361,5088,1098
967,47,2,0,1,30,4,4,4,2,1,0,4,0,0,1,0,0,0,4,3017,1810,323
968,26,3,0,1,18,2,1,1,2,1,0,3,0,0,1,0,0,1,4,1453,1162,293
969,31,0,3,1,12,2,3,2,2,2,0,1,0,0,1,0,0,0,1,3651,3285,882
970,40,2,0,1,15,2,4,4,3,1,1,4,0,0,0,1,0,0,5,1905,1143,208
971,37,1,0,1,9,2,2,2,1,2,0,2,0,0,1,0,0,1,4,2118,2118,630
972,31,1,1,2,20,0,4,4,2,1,0,3,0,1,1,1,0,0,2,6148,4918,809
973,36,2,3,2,24,4,4,2,2,1,0,2,0,0,1,1,0,1,6,1275,892,116
974,26,1,1,2,30,0,4,2,1,1,1,4,0,0,0,0,0,0,6,4280,2568,-1974
975,33,3,0,1,15,2,2,3,2,1,0,2,0,0,1,0,0,0,2,3029,1817,366
976,35,0,0,2,12,4,3,4,2,1,0,4,0,0,1,0,0,0,1,691,414,-225
977,63,3,0,2,12,4,4,4,1,1,0,2,0,0,1,1,0,1,4,1655,1489,288
978,67,1,0,1,18,2,4,0,2,1,0,2,0,0,1,1,0,0,0,3872,3872,1149
979,27,0,0,1,40,4,3,2,2,1,0,4,0,1,1,1,0,0,5,5998,4198,-3572
980,35,1,4,1,9,2,2,1,0,1,0,4,0,0,1,0,0,1,1,1549,929,192
981,26,1,0,2,15,0,1,1,0,1,1,2,0,0,0,0,0,1,1,1778,1066,-428
982,26,0,0,1,18,2,3,2,2,1,0,4,0,1,1,0,0,1,4,1345,807,-352
983,38,1,4,1,48,3,4,2,2,2,0,4,0,0,0,1,0,0,6,6681,6012,1714
984,46,3,0,2,24,4,3,4,2,1,0,4,0,0,1,0,0,1,4,2611,2349,482
985,57,0,0,1,12,2,4,4,1,1,0,4,0,1,1,0,0,1,4,709,425,-142
986,26,3,1,1,9,2,2,2,2,2,1,1,1,0,0,0,1,1,1,3577,2146,481
987,24,0,0,1,12,2,4,4,2,1,1,4,0,0,0,0,0,0,3,652,456,112
988,36,3,4,2,30,4,3,3,2,1,0,2,0,0,1,0,0,0,4,6742,4045,459
989,40,3,4,2,28,1,4,1,2,2,1,3,1,1,0,1,0,1,2,7824,7041,1536
990,42,0,0,1,18,2,3,2,2,1,0,2,0,0,1,0,0,0,3,4153,3322,-1278
991,33,1,4,1,9,2,2,2,1,1,0,1,0,0,1,0,0,1,1,3195,2556,679
992,39,0,0,1,24,2,2,4,3,1,1,4,0,0,0,1,0,0,3,3345,2676,-971
993,43,0,0,2,12,3,2,2,1,2,0,4,0,0,1,0,0,1,1,1344,940,158
994,46,3,4,2,24,4,4,2,3,2,0,2,0,0,1,1,0,0,2,6842,5473,894
995,31,3,1,2,24,2,4,4,2,1,0,2,0,0,1,0,0,0,4,3621,3258,-1327
996,30,1,1,1,24,2,4,4,2,1,0,4,0,0,0,0,0,0,3,3069,1841,322
997,40,0,0,2,11,4,2,2,1,2,0,1,0,0,1,0,0,1,1,3939,2363,324
998,25,1,1,1,15,1,2,2,2,1,1,2,0,0,0,0,0,0,1,1264,884,-286
999,48,1,0,2,24,4,2,4,1,1,0,4,0,0,1,0,0,0,4,1743,1394,202
1000,27,1,1,1,45,4,4,0,2,1,0,3,0,0,1,0,0,0,2,4576,4118,1200
